review_id,review_order,source_split,source_chunk_id,chunk_review_id,issue_type,priority_score,recommended_review_action,image_path,label_path,overlay_path,crop_path,gt_damage_area_count,pred_damage_area_count,tp_damage_area_count,fn_damage_area_count,fp_damage_area_count,gt_damaged_block_count,pred_damaged_block_count,matched_damaged_block_count,min_gt_damage_area_norm_area,max_fp_damage_area_conf,has_near_miss_iou_025_050,gt_damage_area_boxes,pred_damage_area_boxes,fn_damage_area_boxes,fp_damage_area_boxes,review_decision,bbox_source,review_notes,allowed_review_decisions
tactile3-da-final-001,1,val,02432_02559,tactile3-da-001,mixed_fn_fp_damage_area,110.7787,review_tactile_damage_area_label_or_negative,datasets/walksafe_kr_tactile_3class_20260521/images/val/aihub513_tactile_2_09_1_1_1_1_20210726_0000026396.jpg,datasets/walksafe_kr_tactile_3class_20260521/labels/val/aihub513_tactile_2_09_1_1_1_1_20210726_0000026396.txt,docs/review/walksafe_tactile3_damage_area_20260522/final_overlays/001_mixed_fn_fp_damage_area_001_mixed_fn_fp_damage_area_aihub513_tactile_2_09_1_1_1_1_20210726_0000026396.jpg,docs/review/walksafe_tactile3_damage_area_20260522/final_crops/001_mixed_fn_fp_damage_area_001_mixed_fn_fp_damage_area_aihub513_tactile_2_09_1_1_1_1_20210726_0000026396.jpg,3,12,0,3,12,1,2,1,0.003006,0.3557,False,"2:0.454703,0.645746,0.268391,0.114157;2:0.492707,0.276281,0.138551,0.063789;2:0.501709,0.118327,0.089968,0.033413","2:0.345481,0.685371,0.048138,0.033032:0.3557;2:0.463828,0.639033,0.233393,0.019164:0.3301;2:0.466666,0.598991,0.238648,0.025466:0.2263;2:0.391839,0.601225,0.083325,0.016236:0.2125;2:0.451334,0.445570,0.105648,0.014454:0.1848;2:0.451108,0.444572,0.121947,0.020312:0.1757;2:0.546184,0.597602,0.079343,0.016268:0.1595;2:0.494313,0.250089,0.102046,0.016155:0.1209;2:0.466042,0.600339,0.237272,0.024488:0.1122;2:0.344940,0.684083,0.057657,0.039981:0.0867;2:0.453344,0.443382,0.114909,0.018870:0.0682;2:0.550241,0.338222,0.031385,0.009201:0.0571","2:0.454703,0.645746,0.268391,0.114157;2:0.492707,0.276281,0.138551,0.063789;2:0.501709,0.118327,0.089968,0.033413","2:0.345481,0.685371,0.048138,0.033032:0.3557;2:0.463828,0.639033,0.233393,0.019164:0.3301;2:0.466666,0.598991,0.238648,0.025466:0.2263;2:0.391839,0.601225,0.083325,0.016236:0.2125;2:0.451334,0.445570,0.105648,0.014454:0.1848;2:0.451108,0.444572,0.121947,0.020312:0.1757;2:0.546184,0.597602,0.079343,0.016268:0.1595;2:0.494313,0.250089,0.102046,0.016155:0.1209;2:0.466042,0.600339,0.237272,0.024488:0.1122;2:0.344940,0.684083,0.057657,0.039981:0.0867;2:0.453344,0.443382,0.114909,0.018870:0.0682;2:0.550241,0.338222,0.031385,0.009201:0.0571",,,,accept_existing_labels|fix_tactile_damage_area_bbox|remove_false_damage_area_label|add_missing_tactile_damage_area|exclude_unclear
tactile3-da-final-002,2,val,02560_02687,tactile3-da-001,mixed_fn_fp_damage_area,108.1962,review_tactile_damage_area_label_or_negative,datasets/walksafe_kr_tactile_3class_20260521/images/val/aihub513_tactile_2_09_1_1_1_1_20210806_0000118892.jpg,datasets/walksafe_kr_tactile_3class_20260521/labels/val/aihub513_tactile_2_09_1_1_1_1_20210806_0000118892.txt,docs/review/walksafe_tactile3_damage_area_20260522/final_overlays/002_mixed_fn_fp_damage_area_001_mixed_fn_fp_damage_area_aihub513_tactile_2_09_1_1_1_1_20210806_0000118892.jpg,docs/review/walksafe_tactile3_damage_area_20260522/final_crops/002_mixed_fn_fp_damage_area_001_mixed_fn_fp_damage_area_aihub513_tactile_2_09_1_1_1_1_20210806_0000118892.jpg,3,14,1,2,13,1,1,1,0.007985,0.6579,True,"2:0.457223,0.948571,0.121673,0.100000;2:0.685359,0.827143,0.111533,0.140000;2:0.610581,0.935000,0.124207,0.064286","2:0.536417,0.951813,0.286813,0.096373:0.6579;2:0.688381,0.827678,0.111595,0.131896:0.6115;2:0.547255,0.449345,0.109974,0.049417:0.4864;2:0.547631,0.725064,0.103042,0.048828:0.3190;2:0.487965,0.495966,0.035627,0.029955:0.2858;2:0.570056,0.224512,0.076672,0.038234:0.1523;2:0.551747,0.231018,0.030223,0.020396:0.1487;2:0.582884,0.935774,0.057599,0.050530:0.1059;2:0.552626,0.449039,0.062429,0.046956:0.0991;2:0.563310,0.725143,0.138297,0.049680:0.0931;2:0.490557,0.495587,0.048419,0.039710:0.0802;2:0.575457,0.864889,0.055631,0.054250:0.0761;2:0.565530,0.725419,0.145323,0.051659:0.0749;2:0.622506,0.828572,0.253029,0.137349:0.0704","2:0.457223,0.948571,0.121673,0.100000;2:0.610581,0.935000,0.124207,0.064286","2:0.536417,0.951813,0.286813,0.096373:0.6579;2:0.547255,0.449345,0.109974,0.049417:0.4864;2:0.547631,0.725064,0.103042,0.048828:0.3190;2:0.487965,0.495966,0.035627,0.029955:0.2858;2:0.570056,0.224512,0.076672,0.038234:0.1523;2:0.551747,0.231018,0.030223,0.020396:0.1487;2:0.582884,0.935774,0.057599,0.050530:0.1059;2:0.552626,0.449039,0.062429,0.046956:0.0991;2:0.563310,0.725143,0.138297,0.049680:0.0931;2:0.490557,0.495587,0.048419,0.039710:0.0802;2:0.575457,0.864889,0.055631,0.054250:0.0761;2:0.565530,0.725419,0.145323,0.051659:0.0749;2:0.622506,0.828572,0.253029,0.137349:0.0704",,,,accept_existing_labels|fix_tactile_damage_area_bbox|remove_false_damage_area_label|add_missing_tactile_damage_area|exclude_unclear
tactile3-da-final-003,3,val,02560_02687,tactile3-da-002,mixed_fn_fp_damage_area,107.4545,review_tactile_damage_area_label_or_negative,datasets/walksafe_kr_tactile_3class_20260521/images/val/aihub513_tactile_2_09_1_1_1_1_20210813_0000205406.jpg,datasets/walksafe_kr_tactile_3class_20260521/labels/val/aihub513_tactile_2_09_1_1_1_1_20210813_0000205406.txt,docs/review/walksafe_tactile3_damage_area_20260522/final_overlays/003_mixed_fn_fp_damage_area_002_mixed_fn_fp_damage_area_aihub513_tactile_2_09_1_1_1_1_20210813_0000205406.jpg,docs/review/walksafe_tactile3_damage_area_20260522/final_crops/003_mixed_fn_fp_damage_area_002_mixed_fn_fp_damage_area_aihub513_tactile_2_09_1_1_1_1_20210813_0000205406.jpg,3,14,1,2,13,1,1,1,0.001318,0.5488,True,"2:0.542140,0.495714,0.108998,0.022857;2:0.492711,0.365000,0.167300,0.027143;2:0.403991,0.184286,0.065906,0.020000","2:0.502527,0.358264,0.211337,0.028017:0.5488;2:0.451438,0.367474,0.104067,0.009599:0.2190;2:0.415634,0.178799,0.077053,0.014797:0.2161;2:0.473180,0.505009,0.290558,0.046912:0.1676;2:0.471132,0.492724,0.289972,0.024830:0.1447;2:0.539650,0.506179,0.152455,0.041881:0.1436;2:0.604860,0.630378,0.058898,0.044068:0.1101;2:0.541674,0.495528,0.121010,0.018532:0.1008;2:0.608994,0.634611,0.047886,0.034884:0.0992;2:0.537837,0.494747,0.157449,0.022207:0.0779;2:0.390191,0.263947,0.056713,0.007002:0.0571;2:0.547381,0.494819,0.140667,0.021405:0.0546;2:0.609281,0.627202,0.047781,0.027912:0.0533;2:0.417168,0.178937,0.082258,0.019758:0.0507","2:0.492711,0.365000,0.167300,0.027143;2:0.403991,0.184286,0.065906,0.020000","2:0.502527,0.358264,0.211337,0.028017:0.5488;2:0.451438,0.367474,0.104067,0.009599:0.2190;2:0.415634,0.178799,0.077053,0.014797:0.2161;2:0.473180,0.505009,0.290558,0.046912:0.1676;2:0.471132,0.492724,0.289972,0.024830:0.1447;2:0.539650,0.506179,0.152455,0.041881:0.1436;2:0.604860,0.630378,0.058898,0.044068:0.1101;2:0.608994,0.634611,0.047886,0.034884:0.0992;2:0.537837,0.494747,0.157449,0.022207:0.0779;2:0.390191,0.263947,0.056713,0.007002:0.0571;2:0.547381,0.494819,0.140667,0.021405:0.0546;2:0.609281,0.627202,0.047781,0.027912:0.0533;2:0.417168,0.178937,0.082258,0.019758:0.0507",,,,accept_existing_labels|fix_tactile_damage_area_bbox|remove_false_damage_area_label|add_missing_tactile_damage_area|exclude_unclear
tactile3-da-final-004,4,val,03328_03455,tactile3-da-001,mixed_fn_fp_damage_area,106.7899,review_tactile_damage_area_label_or_negative,datasets/walksafe_kr_tactile_3class_20260521/images/val/aihub513_tactile_2_09_1_1_1_2_20210729_0000026504.jpg,datasets/walksafe_kr_tactile_3class_20260521/labels/val/aihub513_tactile_2_09_1_1_1_2_20210729_0000026504.txt,docs/review/walksafe_tactile3_damage_area_20260522/final_overlays/004_mixed_fn_fp_damage_area_001_mixed_fn_fp_damage_area_aihub513_tactile_2_09_1_1_1_2_20210729_0000026504.jpg,docs/review/walksafe_tactile3_damage_area_20260522/final_crops/004_mixed_fn_fp_damage_area_001_mixed_fn_fp_damage_area_aihub513_tactile_2_09_1_1_1_2_20210729_0000026504.jpg,3,11,0,3,11,1,1,1,0.003672,0.5833,True,"2:0.403991,0.706429,0.065906,0.055714;2:0.504117,0.568571,0.215462,0.074286;2:0.473699,0.851429,0.169835,0.131429","2:0.385682,0.717768,0.050777,0.048250:0.5833;2:0.543849,0.312361,0.090426,0.015792:0.3502;2:0.534500,0.562099,0.028646,0.073202:0.2159;2:0.595498,0.553636,0.032969,0.091427:0.2144;2:0.539519,0.313078,0.099655,0.019143:0.1882;2:0.412265,0.583751,0.025092,0.031840:0.1833;2:0.534243,0.562664,0.031516,0.072051:0.1606;2:0.548898,0.890780,0.042402,0.030888:0.0965;2:0.432085,0.300922,0.027184,0.011617:0.0737;2:0.433063,0.299628,0.029597,0.013355:0.0707;2:0.428734,0.354156,0.024514,0.013096:0.0551","2:0.403991,0.706429,0.065906,0.055714;2:0.504117,0.568571,0.215462,0.074286;2:0.473699,0.851429,0.169835,0.131429","2:0.385682,0.717768,0.050777,0.048250:0.5833;2:0.543849,0.312361,0.090426,0.015792:0.3502;2:0.534500,0.562099,0.028646,0.073202:0.2159;2:0.595498,0.553636,0.032969,0.091427:0.2144;2:0.539519,0.313078,0.099655,0.019143:0.1882;2:0.412265,0.583751,0.025092,0.031840:0.1833;2:0.534243,0.562664,0.031516,0.072051:0.1606;2:0.548898,0.890780,0.042402,0.030888:0.0965;2:0.432085,0.300922,0.027184,0.011617:0.0737;2:0.433063,0.299628,0.029597,0.013355:0.0707;2:0.428734,0.354156,0.024514,0.013096:0.0551",,,,accept_existing_labels|fix_tactile_damage_area_bbox|remove_false_damage_area_label|add_missing_tactile_damage_area|exclude_unclear
tactile3-da-final-005,5,val,03072_03199,tactile3-da-001,mixed_fn_fp_damage_area,106.6457,review_tactile_damage_area_label_or_negative,datasets/walksafe_kr_tactile_3class_20260521/images/val/aihub513_tactile_2_09_1_1_1_2_20210722_0000011874.jpg,datasets/walksafe_kr_tactile_3class_20260521/labels/val/aihub513_tactile_2_09_1_1_1_2_20210722_0000011874.txt,docs/review/walksafe_tactile3_damage_area_20260522/final_overlays/005_mixed_fn_fp_damage_area_001_mixed_fn_fp_damage_area_aihub513_tactile_2_09_1_1_1_2_20210722_0000011874.jpg,docs/review/walksafe_tactile3_damage_area_20260522/final_crops/005_mixed_fn_fp_damage_area_001_mixed_fn_fp_damage_area_aihub513_tactile_2_09_1_1_1_2_20210722_0000011874.jpg,3,14,1,2,13,1,1,1,0.000454,0.4526,False,"2:0.422058,0.540095,0.044770,0.027351;2:0.438564,0.420967,0.048603,0.023572;2:0.434822,0.326643,0.021311,0.021299","2:0.676190,0.481053,0.042254,0.124012:0.4526;2:0.468267,0.190451,0.061496,0.017874:0.3988;2:0.624397,0.121502,0.084781,0.030551:0.2717;2:0.420464,0.543683,0.048281,0.024069:0.2077;2:0.625320,0.124462,0.079543,0.021694:0.1455;2:0.475698,0.411528,0.124564,0.041167:0.1369;2:0.442832,0.294510,0.034327,0.025182:0.1185;2:0.426383,0.543430,0.062555,0.029083:0.0932;2:0.469517,0.190537,0.065358,0.021904:0.0861;2:0.391019,0.728048,0.031426,0.039198:0.0854;2:0.423627,0.543552,0.054602,0.025014:0.0691;2:0.443891,0.516084,0.033534,0.064859:0.0645;2:0.394264,0.728398,0.043772,0.046027:0.0583;2:0.443473,0.309675,0.039138,0.056349:0.0521","2:0.438564,0.420967,0.048603,0.023572;2:0.434822,0.326643,0.021311,0.021299","2:0.676190,0.481053,0.042254,0.124012:0.4526;2:0.468267,0.190451,0.061496,0.017874:0.3988;2:0.624397,0.121502,0.084781,0.030551:0.2717;2:0.625320,0.124462,0.079543,0.021694:0.1455;2:0.475698,0.411528,0.124564,0.041167:0.1369;2:0.442832,0.294510,0.034327,0.025182:0.1185;2:0.426383,0.543430,0.062555,0.029083:0.0932;2:0.469517,0.190537,0.065358,0.021904:0.0861;2:0.391019,0.728048,0.031426,0.039198:0.0854;2:0.423627,0.543552,0.054602,0.025014:0.0691;2:0.443891,0.516084,0.033534,0.064859:0.0645;2:0.394264,0.728398,0.043772,0.046027:0.0583;2:0.443473,0.309675,0.039138,0.056349:0.0521",,,,accept_existing_labels|fix_tactile_damage_area_bbox|remove_false_damage_area_label|add_missing_tactile_damage_area|exclude_unclear
tactile3-da-final-006,6,val,02432_02559,tactile3-da-002,mixed_fn_fp_damage_area,105.8692,review_tactile_damage_area_label_or_negative,datasets/walksafe_kr_tactile_3class_20260521/images/val/aihub513_tactile_2_09_1_1_1_1_20210728_0000166643.jpg,datasets/walksafe_kr_tactile_3class_20260521/labels/val/aihub513_tactile_2_09_1_1_1_1_20210728_0000166643.txt,docs/review/walksafe_tactile3_damage_area_20260522/final_overlays/006_mixed_fn_fp_damage_area_002_mixed_fn_fp_damage_area_aihub513_tactile_2_09_1_1_1_1_20210728_0000166643.jpg,docs/review/walksafe_tactile3_damage_area_20260522/final_crops/006_mixed_fn_fp_damage_area_002_mixed_fn_fp_damage_area_aihub513_tactile_2_09_1_1_1_1_20210728_0000166643.jpg,3,11,0,3,11,1,2,1,0.001082,0.3738,True,"2:0.579360,0.492341,0.022551,0.088431;2:0.622700,0.493542,0.022833,0.095919;2:0.345194,0.732928,0.019732,0.054833","2:0.602652,0.493066,0.078118,0.102223:0.3738;2:0.514112,0.168288,0.069144,0.084547:0.3599;2:0.430516,0.082848,0.066769,0.081335:0.2679;2:0.618679,0.061560,0.066210,0.081392:0.1931;2:0.493066,0.493037,0.075569,0.097503:0.1880;2:0.485642,0.618581,0.075790,0.101590:0.1639;2:0.525084,0.010892,0.066071,0.021613:0.1497;2:0.616391,0.161318,0.073977,0.086051:0.1226;2:0.411728,0.282356,0.066817,0.073806:0.1020;2:0.526091,0.010820,0.073832,0.021640:0.0798;2:0.600086,0.619448,0.081199,0.115512:0.0738","2:0.579360,0.492341,0.022551,0.088431;2:0.622700,0.493542,0.022833,0.095919;2:0.345194,0.732928,0.019732,0.054833","2:0.602652,0.493066,0.078118,0.102223:0.3738;2:0.514112,0.168288,0.069144,0.084547:0.3599;2:0.430516,0.082848,0.066769,0.081335:0.2679;2:0.618679,0.061560,0.066210,0.081392:0.1931;2:0.493066,0.493037,0.075569,0.097503:0.1880;2:0.485642,0.618581,0.075790,0.101590:0.1639;2:0.525084,0.010892,0.066071,0.021613:0.1497;2:0.616391,0.161318,0.073977,0.086051:0.1226;2:0.411728,0.282356,0.066817,0.073806:0.1020;2:0.526091,0.010820,0.073832,0.021640:0.0798;2:0.600086,0.619448,0.081199,0.115512:0.0738",,,,accept_existing_labels|fix_tactile_damage_area_bbox|remove_false_damage_area_label|add_missing_tactile_damage_area|exclude_unclear
tactile3-da-final-007,7,val,02688_02815,tactile3-da-001,mixed_fn_fp_damage_area,105.3643,review_tactile_damage_area_label_or_negative,datasets/walksafe_kr_tactile_3class_20260521/images/val/aihub513_tactile_2_09_1_1_1_1_20210827_0000390431.jpg,datasets/walksafe_kr_tactile_3class_20260521/labels/val/aihub513_tactile_2_09_1_1_1_1_20210827_0000390431.txt,docs/review/walksafe_tactile3_damage_area_20260522/final_overlays/007_mixed_fn_fp_damage_area_001_mixed_fn_fp_damage_area_aihub513_tactile_2_09_1_1_1_1_20210827_0000390431.jpg,docs/review/walksafe_tactile3_damage_area_20260522/final_crops/007_mixed_fn_fp_damage_area_001_mixed_fn_fp_damage_area_aihub513_tactile_2_09_1_1_1_1_20210827_0000390431.jpg,3,11,0,3,11,1,1,1,0.002281,0.4474,True,"2:0.534907,0.255077,0.148763,0.015333;2:0.537141,0.307109,0.154124,0.022371;2:0.596887,0.403473,0.055842,0.089548","2:0.603401,0.432049,0.047747,0.033119:0.4474;2:0.410692,0.444128,0.083903,0.048639:0.3751;2:0.544554,0.327884,0.138694,0.069128:0.3160;2:0.571557,0.255911,0.073265,0.016024:0.2499;2:0.544432,0.316919,0.137690,0.048681:0.1568;2:0.412272,0.434324,0.078748,0.027846:0.1490;2:0.412650,0.434205,0.084335,0.031278:0.1306;2:0.414413,0.299552,0.033777,0.046019:0.1300;2:0.570505,0.257161,0.077545,0.021182:0.0966;2:0.602681,0.607163,0.031993,0.044831:0.0749;2:0.385575,0.458716,0.034747,0.019017:0.0651","2:0.534907,0.255077,0.148763,0.015333;2:0.537141,0.307109,0.154124,0.022371;2:0.596887,0.403473,0.055842,0.089548","2:0.603401,0.432049,0.047747,0.033119:0.4474;2:0.410692,0.444128,0.083903,0.048639:0.3751;2:0.544554,0.327884,0.138694,0.069128:0.3160;2:0.571557,0.255911,0.073265,0.016024:0.2499;2:0.544432,0.316919,0.137690,0.048681:0.1568;2:0.412272,0.434324,0.078748,0.027846:0.1490;2:0.412650,0.434205,0.084335,0.031278:0.1306;2:0.414413,0.299552,0.033777,0.046019:0.1300;2:0.570505,0.257161,0.077545,0.021182:0.0966;2:0.602681,0.607163,0.031993,0.044831:0.0749;2:0.385575,0.458716,0.034747,0.019017:0.0651",,,,accept_existing_labels|fix_tactile_damage_area_bbox|remove_false_damage_area_label|add_missing_tactile_damage_area|exclude_unclear
tactile3-da-final-008,8,val,04352_04479,tactile3-da-001,mixed_fn_fp_damage_area,105.2964,review_tactile_damage_area_label_or_negative,datasets/walksafe_kr_tactile_3class_20260521/images/val/aihub513_tactile_2_09_1_1_5_1_20211020_0000671699.jpg,datasets/walksafe_kr_tactile_3class_20260521/labels/val/aihub513_tactile_2_09_1_1_5_1_20211020_0000671699.txt,docs/review/walksafe_tactile3_damage_area_20260522/final_overlays/008_mixed_fn_fp_damage_area_001_mixed_fn_fp_damage_area_aihub513_tactile_2_09_1_1_5_1_20211020_0000671699.jpg,docs/review/walksafe_tactile3_damage_area_20260522/final_crops/008_mixed_fn_fp_damage_area_001_mixed_fn_fp_damage_area_aihub513_tactile_2_09_1_1_5_1_20211020_0000671699.jpg,3,11,0,3,11,1,1,1,0.000518,0.2619,True,"2:0.574116,0.288741,0.059981,0.008633;2:0.382894,0.271346,0.050651,0.016969;2:0.560188,0.986636,0.221596,0.023870","2:0.471167,0.111576,0.213390,0.037189:0.2619;2:0.469342,0.463097,0.291532,0.099403:0.2473;2:0.465805,0.486938,0.299561,0.147651:0.0993;2:0.471738,0.264612,0.249160,0.040462:0.0939;2:0.466848,0.591211,0.312695,0.058849:0.0933;2:0.463605,0.653307,0.342438,0.180894:0.0873;2:0.474375,0.270124,0.248700,0.028599:0.0744;2:0.472107,0.270769,0.248225,0.028597:0.0679;2:0.475856,0.009145,0.198783,0.018291:0.0606;2:0.470242,0.435944,0.285080,0.046783:0.0593;2:0.468946,0.987946,0.390602,0.024108:0.0525","2:0.574116,0.288741,0.059981,0.008633;2:0.382894,0.271346,0.050651,0.016969;2:0.560188,0.986636,0.221596,0.023870","2:0.471167,0.111576,0.213390,0.037189:0.2619;2:0.469342,0.463097,0.291532,0.099403:0.2473;2:0.465805,0.486938,0.299561,0.147651:0.0993;2:0.471738,0.264612,0.249160,0.040462:0.0939;2:0.466848,0.591211,0.312695,0.058849:0.0933;2:0.463605,0.653307,0.342438,0.180894:0.0873;2:0.474375,0.270124,0.248700,0.028599:0.0744;2:0.472107,0.270769,0.248225,0.028597:0.0679;2:0.475856,0.009145,0.198783,0.018291:0.0606;2:0.470242,0.435944,0.285080,0.046783:0.0593;2:0.468946,0.987946,0.390602,0.024108:0.0525",,,,accept_existing_labels|fix_tactile_damage_area_bbox|remove_false_damage_area_label|add_missing_tactile_damage_area|exclude_unclear
tactile3-da-final-009,9,val,04096_04223,tactile3-da-001,mixed_fn_fp_damage_area,101.9195,review_tactile_damage_area_label_or_negative,datasets/walksafe_kr_tactile_3class_20260521/images/val/aihub513_tactile_2_09_1_1_4_1_20210917_0000515986.jpg,datasets/walksafe_kr_tactile_3class_20260521/labels/val/aihub513_tactile_2_09_1_1_4_1_20210917_0000515986.txt,docs/review/walksafe_tactile3_damage_area_20260522/final_overlays/009_mixed_fn_fp_damage_area_001_mixed_fn_fp_damage_area_aihub513_tactile_2_09_1_1_4_1_20210917_0000515986.jpg,docs/review/walksafe_tactile3_damage_area_20260522/final_crops/009_mixed_fn_fp_damage_area_001_mixed_fn_fp_damage_area_aihub513_tactile_2_09_1_1_4_1_20210917_0000515986.jpg,3,13,1,2,12,1,1,1,0.000074,0.5839,False,"2:0.516558,0.429126,0.189378,0.023411;2:0.624413,0.207934,0.007301,0.018242;2:0.629923,0.274552,0.006672,0.011019","2:0.515177,0.428338,0.193685,0.025486:0.7626;2:0.525204,0.355949,0.028357,0.018987:0.5839;2:0.523519,0.333068,0.022479,0.018034:0.5834;2:0.463994,0.261487,0.018318,0.009818:0.4493;2:0.433213,0.269588,0.025832,0.018598:0.4158;2:0.579790,0.293045,0.020266,0.007770:0.1952;2:0.591597,0.301426,0.013064,0.006471:0.1692;2:0.375054,0.769411,0.017640,0.021417:0.1553;2:0.656702,0.572446,0.020501,0.027091:0.0746;2:0.464107,0.150680,0.012641,0.008017:0.0732;2:0.681643,0.769385,0.023816,0.020187:0.0687;2:0.382070,0.768686,0.032798,0.021853:0.0686;2:0.578623,0.292135,0.022086,0.008615:0.0658","2:0.624413,0.207934,0.007301,0.018242;2:0.629923,0.274552,0.006672,0.011019","2:0.525204,0.355949,0.028357,0.018987:0.5839;2:0.523519,0.333068,0.022479,0.018034:0.5834;2:0.463994,0.261487,0.018318,0.009818:0.4493;2:0.433213,0.269588,0.025832,0.018598:0.4158;2:0.579790,0.293045,0.020266,0.007770:0.1952;2:0.591597,0.301426,0.013064,0.006471:0.1692;2:0.375054,0.769411,0.017640,0.021417:0.1553;2:0.656702,0.572446,0.020501,0.027091:0.0746;2:0.464107,0.150680,0.012641,0.008017:0.0732;2:0.681643,0.769385,0.023816,0.020187:0.0687;2:0.382070,0.768686,0.032798,0.021853:0.0686;2:0.578623,0.292135,0.022086,0.008615:0.0658",,,,accept_existing_labels|fix_tactile_damage_area_bbox|remove_false_damage_area_label|add_missing_tactile_damage_area|exclude_unclear
tactile3-da-final-010,10,val,03840_03967,tactile3-da-001,mixed_fn_fp_damage_area,99.8306,review_tactile_damage_area_label_or_negative,datasets/walksafe_kr_tactile_3class_20260521/images/val/aihub513_tactile_2_09_1_1_2_1_20211011_0000737779.jpg,datasets/walksafe_kr_tactile_3class_20260521/labels/val/aihub513_tactile_2_09_1_1_2_1_20211011_0000737779.txt,docs/review/walksafe_tactile3_damage_area_20260522/final_overlays/010_mixed_fn_fp_damage_area_001_mixed_fn_fp_damage_area_aihub513_tactile_2_09_1_1_2_1_20211011_0000737779.jpg,docs/review/walksafe_tactile3_damage_area_20260522/final_crops/010_mixed_fn_fp_damage_area_001_mixed_fn_fp_damage_area_aihub513_tactile_2_09_1_1_2_1_20211011_0000737779.jpg,3,10,0,3,10,1,1,1,0.007335,0.5638,True,"2:0.499607,0.054847,0.191433,0.090318;2:0.508099,0.207805,0.224636,0.117830;2:0.537081,0.126986,0.127267,0.057635","2:0.498018,0.037152,0.184098,0.040808:0.5638;2:0.506558,0.241593,0.219133,0.039797:0.2016;2:0.506334,0.246716,0.217074,0.029666:0.1890;2:0.503077,0.176634,0.210857,0.037410:0.1369;2:0.426523,0.140694,0.061650,0.048005:0.0795;2:0.409746,0.535617,0.077627,0.143705:0.0716;2:0.501058,0.149486,0.211990,0.094562:0.0580;2:0.513085,0.541135,0.287943,0.142421:0.0553;2:0.502268,0.176914,0.212548,0.037976:0.0525;2:0.397059,0.534415,0.052076,0.143768:0.0514","2:0.499607,0.054847,0.191433,0.090318;2:0.508099,0.207805,0.224636,0.117830;2:0.537081,0.126986,0.127267,0.057635","2:0.498018,0.037152,0.184098,0.040808:0.5638;2:0.506558,0.241593,0.219133,0.039797:0.2016;2:0.506334,0.246716,0.217074,0.029666:0.1890;2:0.503077,0.176634,0.210857,0.037410:0.1369;2:0.426523,0.140694,0.061650,0.048005:0.0795;2:0.409746,0.535617,0.077627,0.143705:0.0716;2:0.501058,0.149486,0.211990,0.094562:0.0580;2:0.513085,0.541135,0.287943,0.142421:0.0553;2:0.502268,0.176914,0.212548,0.037976:0.0525;2:0.397059,0.534415,0.052076,0.143768:0.0514",,,,accept_existing_labels|fix_tactile_damage_area_bbox|remove_false_damage_area_label|add_missing_tactile_damage_area|exclude_unclear
tactile3-da-final-011,11,val,02304_02431,tactile3-da-001,mixed_fn_fp_damage_area,99.8200,review_tactile_damage_area_label_or_negative,datasets/walksafe_kr_tactile_3class_20260521/images/val/aihub513_tactile_2_09_1_1_1_1_20210720_0000010779.jpg,datasets/walksafe_kr_tactile_3class_20260521/labels/val/aihub513_tactile_2_09_1_1_1_1_20210720_0000010779.txt,docs/review/walksafe_tactile3_damage_area_20260522/final_overlays/011_mixed_fn_fp_damage_area_001_mixed_fn_fp_damage_area_aihub513_tactile_2_09_1_1_1_1_20210720_0000010779.jpg,docs/review/walksafe_tactile3_damage_area_20260522/final_crops/011_mixed_fn_fp_damage_area_001_mixed_fn_fp_damage_area_aihub513_tactile_2_09_1_1_1_1_20210720_0000010779.jpg,3,10,0,3,10,1,1,1,0.000320,0.3640,True,"2:0.125303,0.682617,0.049387,0.045782;2:0.371696,0.570668,0.028076,0.011410;2:0.222966,0.592664,0.124391,0.048300","2:0.275110,0.248114,0.173689,0.030445:0.3640;2:0.256319,0.419049,0.214370,0.086222:0.3072;2:0.247615,0.693081,0.290500,0.066019:0.2800;2:0.248004,0.445867,0.197156,0.033051:0.1544;2:0.188721,0.690983,0.169807,0.063023:0.1497;2:0.247077,0.451461,0.195171,0.022850:0.1463;2:0.219194,0.580427,0.121727,0.022085:0.1358;2:0.339438,0.293452,0.056955,0.018588:0.1261;2:0.304777,0.380634,0.110911,0.011239:0.0932;2:0.249071,0.717037,0.287426,0.043165:0.0569","2:0.125303,0.682617,0.049387,0.045782;2:0.371696,0.570668,0.028076,0.011410;2:0.222966,0.592664,0.124391,0.048300","2:0.275110,0.248114,0.173689,0.030445:0.3640;2:0.256319,0.419049,0.214370,0.086222:0.3072;2:0.247615,0.693081,0.290500,0.066019:0.2800;2:0.248004,0.445867,0.197156,0.033051:0.1544;2:0.188721,0.690983,0.169807,0.063023:0.1497;2:0.247077,0.451461,0.195171,0.022850:0.1463;2:0.219194,0.580427,0.121727,0.022085:0.1358;2:0.339438,0.293452,0.056955,0.018588:0.1261;2:0.304777,0.380634,0.110911,0.011239:0.0932;2:0.249071,0.717037,0.287426,0.043165:0.0569",,,,accept_existing_labels|fix_tactile_damage_area_bbox|remove_false_damage_area_label|add_missing_tactile_damage_area|exclude_unclear
tactile3-da-final-012,12,val,04352_04479,tactile3-da-002,mixed_fn_fp_damage_area,97.1545,review_tactile_damage_area_label_or_negative,datasets/walksafe_kr_tactile_3class_20260521/images/val/aihub513_tactile_2_09_1_1_5_1_20211006_0000600554.jpg,datasets/walksafe_kr_tactile_3class_20260521/labels/val/aihub513_tactile_2_09_1_1_5_1_20211006_0000600554.txt,docs/review/walksafe_tactile3_damage_area_20260522/final_overlays/012_mixed_fn_fp_damage_area_002_mixed_fn_fp_damage_area_aihub513_tactile_2_09_1_1_5_1_20211006_0000600554.jpg,docs/review/walksafe_tactile3_damage_area_20260522/final_crops/012_mixed_fn_fp_damage_area_002_mixed_fn_fp_damage_area_aihub513_tactile_2_09_1_1_5_1_20211006_0000600554.jpg,3,15,2,1,13,1,1,1,0.002951,0.5238,True,"2:0.689374,0.928129,0.101549,0.068545;2:0.337079,0.664054,0.081239,0.074697;2:0.616238,0.378921,0.060739,0.048580","2:0.323530,0.679878,0.058199,0.039829:0.5238;2:0.618434,0.373643,0.046326,0.034343:0.4043;2:0.701244,0.938561,0.071178,0.047897:0.3748;2:0.386494,0.093445,0.027684,0.020367:0.3495;2:0.364973,0.357767,0.057551,0.026231:0.2916;2:0.330229,0.679383,0.071314,0.043566:0.2614;2:0.365940,0.358083,0.061638,0.030904:0.2135;2:0.594986,0.373466,0.097460,0.040551:0.1752;2:0.706402,0.940288,0.058297,0.042147:0.1746;2:0.372029,0.173390,0.019746,0.020589:0.1635;2:0.615310,0.373423,0.055575,0.037618:0.1001;2:0.598008,0.373141,0.090055,0.038714:0.0922;2:0.388488,0.094016,0.036907,0.025488:0.0654;2:0.374968,0.175229,0.030886,0.030983:0.0527;2:0.333251,0.673176,0.077201,0.056002:0.0505","2:0.689374,0.928129,0.101549,0.068545","2:0.323530,0.679878,0.058199,0.039829:0.5238;2:0.618434,0.373643,0.046326,0.034343:0.4043;2:0.701244,0.938561,0.071178,0.047897:0.3748;2:0.386494,0.093445,0.027684,0.020367:0.3495;2:0.364973,0.357767,0.057551,0.026231:0.2916;2:0.330229,0.679383,0.071314,0.043566:0.2614;2:0.365940,0.358083,0.061638,0.030904:0.2135;2:0.594986,0.373466,0.097460,0.040551:0.1752;2:0.706402,0.940288,0.058297,0.042147:0.1746;2:0.372029,0.173390,0.019746,0.020589:0.1635;2:0.598008,0.373141,0.090055,0.038714:0.0922;2:0.388488,0.094016,0.036907,0.025488:0.0654;2:0.374968,0.175229,0.030886,0.030983:0.0527",,,,accept_existing_labels|fix_tactile_damage_area_bbox|remove_false_damage_area_label|add_missing_tactile_damage_area|exclude_unclear
tactile3-da-final-013,13,val,03072_03199,tactile3-da-002,mixed_fn_fp_damage_area,96.0717,review_tactile_damage_area_label_or_negative,datasets/walksafe_kr_tactile_3class_20260521/images/val/aihub513_tactile_2_09_1_1_1_2_20210723_0000063754.jpg,datasets/walksafe_kr_tactile_3class_20260521/labels/val/aihub513_tactile_2_09_1_1_1_2_20210723_0000063754.txt,docs/review/walksafe_tactile3_damage_area_20260522/final_overlays/013_mixed_fn_fp_damage_area_002_mixed_fn_fp_damage_area_aihub513_tactile_2_09_1_1_1_2_20210723_0000063754.jpg,docs/review/walksafe_tactile3_damage_area_20260522/final_crops/013_mixed_fn_fp_damage_area_002_mixed_fn_fp_damage_area_aihub513_tactile_2_09_1_1_1_2_20210723_0000063754.jpg,3,12,1,2,11,1,1,1,0.005243,0.4143,True,"2:0.473691,0.532101,0.049102,0.116337;2:0.616971,0.615110,0.048663,0.107738;2:0.564305,0.751513,0.048203,0.148336","2:0.682272,0.570302,0.038346,0.021767:0.4143;2:0.475747,0.553696,0.044732,0.066270:0.4109;2:0.557550,0.230152,0.041029,0.013223:0.2368;2:0.464683,0.230607,0.026547,0.011114:0.1979;2:0.468420,0.230353,0.031264,0.011349:0.1449;2:0.474926,0.539649,0.039983,0.038354:0.1133;2:0.564713,0.786929,0.038186,0.072957:0.1099;2:0.483285,0.748583,0.043651,0.147624:0.0901;2:0.475652,0.559850,0.041774,0.051759:0.0733;2:0.674259,0.570552,0.060492,0.030215:0.0627;2:0.648426,0.807109,0.039243,0.041530:0.0541;2:0.606860,0.457544,0.045295,0.011764:0.0539","2:0.616971,0.615110,0.048663,0.107738;2:0.564305,0.751513,0.048203,0.148336","2:0.682272,0.570302,0.038346,0.021767:0.4143;2:0.557550,0.230152,0.041029,0.013223:0.2368;2:0.464683,0.230607,0.026547,0.011114:0.1979;2:0.468420,0.230353,0.031264,0.011349:0.1449;2:0.474926,0.539649,0.039983,0.038354:0.1133;2:0.564713,0.786929,0.038186,0.072957:0.1099;2:0.483285,0.748583,0.043651,0.147624:0.0901;2:0.475652,0.559850,0.041774,0.051759:0.0733;2:0.674259,0.570552,0.060492,0.030215:0.0627;2:0.648426,0.807109,0.039243,0.041530:0.0541;2:0.606860,0.457544,0.045295,0.011764:0.0539",,,,accept_existing_labels|fix_tactile_damage_area_bbox|remove_false_damage_area_label|add_missing_tactile_damage_area|exclude_unclear
tactile3-da-final-014,14,val,03584_03711,tactile3-da-001,mixed_fn_fp_damage_area,95.9632,review_tactile_damage_area_label_or_negative,datasets/walksafe_kr_tactile_3class_20260521/images/val/aihub513_tactile_2_09_1_1_1_2_20210915_0000521876.jpg,datasets/walksafe_kr_tactile_3class_20260521/labels/val/aihub513_tactile_2_09_1_1_1_2_20210915_0000521876.txt,docs/review/walksafe_tactile3_damage_area_20260522/final_overlays/014_mixed_fn_fp_damage_area_001_mixed_fn_fp_damage_area_aihub513_tactile_2_09_1_1_1_2_20210915_0000521876.jpg,docs/review/walksafe_tactile3_damage_area_20260522/final_crops/014_mixed_fn_fp_damage_area_001_mixed_fn_fp_damage_area_aihub513_tactile_2_09_1_1_1_2_20210915_0000521876.jpg,3,12,1,2,11,1,1,1,0.000541,0.3926,True,"2:0.469074,0.700229,0.065727,0.013138;2:0.590018,0.689376,0.093555,0.037926;2:0.644314,0.456332,0.018377,0.029463","2:0.520978,0.278855,0.108331,0.016834:0.3926;2:0.579160,0.695641,0.088646,0.026982:0.2870;2:0.537454,0.391085,0.218593,0.020921:0.2606;2:0.470057,0.180150,0.042783,0.017605:0.2487;2:0.520808,0.278917,0.105275,0.013913:0.2275;2:0.421714,0.701273,0.171480,0.021639:0.1931;2:0.570046,0.918075,0.071728,0.025050:0.0885;2:0.569048,0.040120,0.077409,0.009831:0.0778;2:0.417591,0.695129,0.179771,0.032166:0.0724;2:0.507711,0.529104,0.288435,0.025146:0.0572;2:0.438298,0.702078,0.138069,0.017850:0.0534;2:0.581441,0.688682,0.110501,0.044195:0.0515","2:0.469074,0.700229,0.065727,0.013138;2:0.644314,0.456332,0.018377,0.029463","2:0.520978,0.278855,0.108331,0.016834:0.3926;2:0.579160,0.695641,0.088646,0.026982:0.2870;2:0.537454,0.391085,0.218593,0.020921:0.2606;2:0.470057,0.180150,0.042783,0.017605:0.2487;2:0.520808,0.278917,0.105275,0.013913:0.2275;2:0.421714,0.701273,0.171480,0.021639:0.1931;2:0.570046,0.918075,0.071728,0.025050:0.0885;2:0.569048,0.040120,0.077409,0.009831:0.0778;2:0.417591,0.695129,0.179771,0.032166:0.0724;2:0.507711,0.529104,0.288435,0.025146:0.0572;2:0.438298,0.702078,0.138069,0.017850:0.0534",,,,accept_existing_labels|fix_tactile_damage_area_bbox|remove_false_damage_area_label|add_missing_tactile_damage_area|exclude_unclear
tactile3-da-final-015,15,val,03840_03967,tactile3-da-002,mixed_fn_fp_damage_area,95.8019,review_tactile_damage_area_label_or_negative,datasets/walksafe_kr_tactile_3class_20260521/images/val/aihub513_tactile_2_09_1_1_1_4_20211027_0000803350.jpg,datasets/walksafe_kr_tactile_3class_20260521/labels/val/aihub513_tactile_2_09_1_1_1_4_20211027_0000803350.txt,docs/review/walksafe_tactile3_damage_area_20260522/final_overlays/015_mixed_fn_fp_damage_area_002_mixed_fn_fp_damage_area_aihub513_tactile_2_09_1_1_1_4_20211027_0000803350.jpg,docs/review/walksafe_tactile3_damage_area_20260522/final_crops/015_mixed_fn_fp_damage_area_002_mixed_fn_fp_damage_area_aihub513_tactile_2_09_1_1_1_4_20211027_0000803350.jpg,3,12,1,2,11,1,1,1,0.004823,0.5023,True,"2:0.510905,0.740619,0.179931,0.041453;2:0.566162,0.432008,0.164994,0.038546;2:0.588179,0.236101,0.076383,0.063145","2:0.514371,0.428905,0.274378,0.055686:0.5023;2:0.510102,0.741213,0.197130,0.043441:0.4349;2:0.582509,0.211234,0.074891,0.019325:0.2480;2:0.540614,0.440716,0.088923,0.028030:0.1696;2:0.564197,0.984696,0.127186,0.030428:0.1678;2:0.509298,0.741916,0.196404,0.044413:0.1616;2:0.607420,0.414180,0.083066,0.023474:0.1571;2:0.581789,0.210360,0.078629,0.024765:0.1374;2:0.551386,0.750562,0.102569,0.024096:0.1317;2:0.504591,0.146729,0.044031,0.008285:0.0765;2:0.513450,0.446033,0.267977,0.045561:0.0695;2:0.450063,0.729356,0.074941,0.019978:0.0578","2:0.566162,0.432008,0.164994,0.038546;2:0.588179,0.236101,0.076383,0.063145","2:0.514371,0.428905,0.274378,0.055686:0.5023;2:0.582509,0.211234,0.074891,0.019325:0.2480;2:0.540614,0.440716,0.088923,0.028030:0.1696;2:0.564197,0.984696,0.127186,0.030428:0.1678;2:0.509298,0.741916,0.196404,0.044413:0.1616;2:0.607420,0.414180,0.083066,0.023474:0.1571;2:0.581789,0.210360,0.078629,0.024765:0.1374;2:0.551386,0.750562,0.102569,0.024096:0.1317;2:0.504591,0.146729,0.044031,0.008285:0.0765;2:0.513450,0.446033,0.267977,0.045561:0.0695;2:0.450063,0.729356,0.074941,0.019978:0.0578",,,,accept_existing_labels|fix_tactile_damage_area_bbox|remove_false_damage_area_label|add_missing_tactile_damage_area|exclude_unclear
tactile3-da-final-016,16,val,02560_02687,tactile3-da-003,mixed_fn_fp_damage_area,95.7956,review_tactile_damage_area_label_or_negative,datasets/walksafe_kr_tactile_3class_20260521/images/val/aihub513_tactile_2_09_1_1_1_1_20210813_0000205423.jpg,datasets/walksafe_kr_tactile_3class_20260521/labels/val/aihub513_tactile_2_09_1_1_1_1_20210813_0000205423.txt,docs/review/walksafe_tactile3_damage_area_20260522/final_overlays/016_mixed_fn_fp_damage_area_003_mixed_fn_fp_damage_area_aihub513_tactile_2_09_1_1_1_1_20210813_0000205423.jpg,docs/review/walksafe_tactile3_damage_area_20260522/final_crops/016_mixed_fn_fp_damage_area_003_mixed_fn_fp_damage_area_aihub513_tactile_2_09_1_1_1_1_20210813_0000205423.jpg,3,12,1,2,11,1,1,1,0.000985,0.5928,False,"2:0.623255,0.519286,0.043092,0.027143;2:0.500315,0.714286,0.086185,0.011429;2:0.634662,0.723571,0.081115,0.032857","2:0.562845,0.734867,0.224833,0.054091:0.5928;2:0.488993,0.528067,0.314286,0.087986:0.5745;2:0.491691,0.520933,0.311200,0.066981:0.4333;2:0.497222,0.717555,0.091225,0.016634:0.1557;2:0.582005,0.301368,0.077475,0.020386:0.1237;2:0.582385,0.297625,0.075744,0.013383:0.1099;2:0.526249,0.204505,0.102990,0.008560:0.0970;2:0.490996,0.522775,0.313427,0.066681:0.0754;2:0.581642,0.303923,0.080513,0.027304:0.0700;2:0.581543,0.298483,0.079762,0.020862:0.0548;2:0.539888,0.205058,0.135378,0.012624:0.0516;2:0.382148,0.295507,0.035658,0.009088:0.0515","2:0.623255,0.519286,0.043092,0.027143;2:0.634662,0.723571,0.081115,0.032857","2:0.562845,0.734867,0.224833,0.054091:0.5928;2:0.488993,0.528067,0.314286,0.087986:0.5745;2:0.491691,0.520933,0.311200,0.066981:0.4333;2:0.582005,0.301368,0.077475,0.020386:0.1237;2:0.582385,0.297625,0.075744,0.013383:0.1099;2:0.526249,0.204505,0.102990,0.008560:0.0970;2:0.490996,0.522775,0.313427,0.066681:0.0754;2:0.581642,0.303923,0.080513,0.027304:0.0700;2:0.581543,0.298483,0.079762,0.020862:0.0548;2:0.539888,0.205058,0.135378,0.012624:0.0516;2:0.382148,0.295507,0.035658,0.009088:0.0515",,,,accept_existing_labels|fix_tactile_damage_area_bbox|remove_false_damage_area_label|add_missing_tactile_damage_area|exclude_unclear
tactile3-da-final-017,17,val,04480_04607,tactile3-da-001,mixed_fn_fp_damage_area,95.0001,review_tactile_damage_area_label_or_negative,datasets/walksafe_kr_tactile_3class_20260521/images/val/aihub513_tactile_2_09_1_1_5_2_20210907_0000464090.jpg,datasets/walksafe_kr_tactile_3class_20260521/labels/val/aihub513_tactile_2_09_1_1_5_2_20210907_0000464090.txt,docs/review/walksafe_tactile3_damage_area_20260522/final_overlays/017_mixed_fn_fp_damage_area_001_mixed_fn_fp_damage_area_aihub513_tactile_2_09_1_1_5_2_20210907_0000464090.jpg,docs/review/walksafe_tactile3_damage_area_20260522/final_crops/017_mixed_fn_fp_damage_area_001_mixed_fn_fp_damage_area_aihub513_tactile_2_09_1_1_5_2_20210907_0000464090.jpg,3,12,1,2,11,1,1,1,0.005086,0.3159,True,"2:0.408480,0.774381,0.136421,0.098761;2:0.571296,0.713271,0.221935,0.068805;2:0.573653,0.212628,0.138586,0.036701","2:0.511301,0.737471,0.360850,0.126384:0.3159;2:0.517549,0.243476,0.255820,0.102937:0.2189;2:0.412465,0.780343,0.142641,0.072908:0.2057;2:0.510027,0.898622,0.400764,0.176292:0.2030;2:0.518264,0.269924,0.253731,0.050599:0.1292;2:0.505695,0.867380,0.405181,0.246193:0.1143;2:0.511911,0.382069,0.276480,0.067052:0.0799;2:0.511080,0.932921,0.399860,0.107450:0.0708;2:0.510352,0.492069,0.315000,0.150053:0.0606;2:0.411332,0.764248,0.153963,0.093630:0.0592;2:0.545274,0.122862,0.176169,0.034554:0.0536;2:0.654552,0.710727,0.068842,0.067902:0.0526","2:0.571296,0.713271,0.221935,0.068805;2:0.573653,0.212628,0.138586,0.036701","2:0.511301,0.737471,0.360850,0.126384:0.3159;2:0.517549,0.243476,0.255820,0.102937:0.2189;2:0.412465,0.780343,0.142641,0.072908:0.2057;2:0.510027,0.898622,0.400764,0.176292:0.2030;2:0.518264,0.269924,0.253731,0.050599:0.1292;2:0.505695,0.867380,0.405181,0.246193:0.1143;2:0.511911,0.382069,0.276480,0.067052:0.0799;2:0.511080,0.932921,0.399860,0.107450:0.0708;2:0.510352,0.492069,0.315000,0.150053:0.0606;2:0.545274,0.122862,0.176169,0.034554:0.0536;2:0.654552,0.710727,0.068842,0.067902:0.0526",,,,accept_existing_labels|fix_tactile_damage_area_bbox|remove_false_damage_area_label|add_missing_tactile_damage_area|exclude_unclear
tactile3-da-final-018,18,val,03456_03583,tactile3-da-001,mixed_fn_fp_damage_area,94.7899,review_tactile_damage_area_label_or_negative,datasets/walksafe_kr_tactile_3class_20260521/images/val/aihub513_tactile_2_09_1_1_1_2_20210828_0000377368.jpg,datasets/walksafe_kr_tactile_3class_20260521/labels/val/aihub513_tactile_2_09_1_1_1_2_20210828_0000377368.txt,docs/review/walksafe_tactile3_damage_area_20260522/final_overlays/018_mixed_fn_fp_damage_area_001_mixed_fn_fp_damage_area_aihub513_tactile_2_09_1_1_1_2_20210828_0000377368.jpg,docs/review/walksafe_tactile3_damage_area_20260522/final_crops/018_mixed_fn_fp_damage_area_001_mixed_fn_fp_damage_area_aihub513_tactile_2_09_1_1_1_2_20210828_0000377368.jpg,3,9,0,3,9,1,2,1,0.000449,0.7523,True,"2:0.434334,0.728431,0.263847,0.043502;2:0.508657,0.424937,0.098435,0.051347;2:0.573316,0.461874,0.022471,0.019968","2:0.496565,0.428034,0.043559,0.041018:0.7523;2:0.480350,0.719496,0.073945,0.015192:0.2277;2:0.479185,0.720104,0.089141,0.020720:0.1434;2:0.562890,0.456880,0.045623,0.030368:0.1313;2:0.490271,0.120945,0.049365,0.012831:0.1178;2:0.356052,0.729088,0.110208,0.039720:0.0996;2:0.486258,0.121369,0.063932,0.012768:0.0852;2:0.350858,0.729855,0.100580,0.037783:0.0624;2:0.537232,0.480257,0.037389,0.024391:0.0504","2:0.434334,0.728431,0.263847,0.043502;2:0.508657,0.424937,0.098435,0.051347;2:0.573316,0.461874,0.022471,0.019968","2:0.496565,0.428034,0.043559,0.041018:0.7523;2:0.480350,0.719496,0.073945,0.015192:0.2277;2:0.479185,0.720104,0.089141,0.020720:0.1434;2:0.562890,0.456880,0.045623,0.030368:0.1313;2:0.490271,0.120945,0.049365,0.012831:0.1178;2:0.356052,0.729088,0.110208,0.039720:0.0996;2:0.486258,0.121369,0.063932,0.012768:0.0852;2:0.350858,0.729855,0.100580,0.037783:0.0624;2:0.537232,0.480257,0.037389,0.024391:0.0504",,,,accept_existing_labels|fix_tactile_damage_area_bbox|remove_false_damage_area_label|add_missing_tactile_damage_area|exclude_unclear
tactile3-da-final-019,19,val,03328_03455,tactile3-da-002,mixed_fn_fp_damage_area,94.5783,review_tactile_damage_area_label_or_negative,datasets/walksafe_kr_tactile_3class_20260521/images/val/aihub513_tactile_2_09_1_1_1_2_20210729_0000025588.jpg,datasets/walksafe_kr_tactile_3class_20260521/labels/val/aihub513_tactile_2_09_1_1_1_2_20210729_0000025588.txt,docs/review/walksafe_tactile3_damage_area_20260522/final_overlays/019_mixed_fn_fp_damage_area_002_mixed_fn_fp_damage_area_aihub513_tactile_2_09_1_1_1_2_20210729_0000025588.jpg,docs/review/walksafe_tactile3_damage_area_20260522/final_crops/019_mixed_fn_fp_damage_area_002_mixed_fn_fp_damage_area_aihub513_tactile_2_09_1_1_1_2_20210729_0000025588.jpg,3,9,0,3,9,1,1,1,0.004288,0.5597,True,"2:0.514257,0.562857,0.256019,0.102857;2:0.547210,0.866429,0.377692,0.210000;2:0.485297,0.198476,0.121673,0.035238","2:0.510183,0.511314,0.231279,0.018288:0.5597;2:0.532881,0.860902,0.365986,0.060205:0.5445;2:0.565864,0.404266,0.060995,0.068686:0.4334;2:0.510630,0.478603,0.230844,0.081426:0.1876;2:0.477021,0.289478,0.054591,0.012221:0.1528;2:0.490521,0.185525,0.112340,0.012134:0.0936;2:0.565978,0.402419,0.055322,0.062682:0.0671;2:0.497217,0.342550,0.030726,0.044680:0.0566;2:0.528581,0.186656,0.038120,0.009221:0.0506","2:0.514257,0.562857,0.256019,0.102857;2:0.547210,0.866429,0.377692,0.210000;2:0.485297,0.198476,0.121673,0.035238","2:0.510183,0.511314,0.231279,0.018288:0.5597;2:0.532881,0.860902,0.365986,0.060205:0.5445;2:0.565864,0.404266,0.060995,0.068686:0.4334;2:0.510630,0.478603,0.230844,0.081426:0.1876;2:0.477021,0.289478,0.054591,0.012221:0.1528;2:0.490521,0.185525,0.112340,0.012134:0.0936;2:0.565978,0.402419,0.055322,0.062682:0.0671;2:0.497217,0.342550,0.030726,0.044680:0.0566;2:0.528581,0.186656,0.038120,0.009221:0.0506",,,,accept_existing_labels|fix_tactile_damage_area_bbox|remove_false_damage_area_label|add_missing_tactile_damage_area|exclude_unclear
tactile3-da-final-020,20,val,02560_02687,tactile3-da-004,mixed_fn_fp_damage_area,93.8490,review_tactile_damage_area_label_or_negative,datasets/walksafe_kr_tactile_3class_20260521/images/val/aihub513_tactile_2_09_1_1_1_1_20210806_0000118772.jpg,datasets/walksafe_kr_tactile_3class_20260521/labels/val/aihub513_tactile_2_09_1_1_1_1_20210806_0000118772.txt,docs/review/walksafe_tactile3_damage_area_20260522/final_overlays/020_mixed_fn_fp_damage_area_004_mixed_fn_fp_damage_area_aihub513_tactile_2_09_1_1_1_1_20210806_0000118772.jpg,docs/review/walksafe_tactile3_damage_area_20260522/final_crops/020_mixed_fn_fp_damage_area_004_mixed_fn_fp_damage_area_aihub513_tactile_2_09_1_1_1_1_20210806_0000118772.jpg,3,9,0,3,9,1,1,1,0.012051,0.8774,True,"2:0.486210,0.306138,0.176321,0.106973;2:0.557403,0.428499,0.194841,0.122662;2:0.501145,0.726901,0.082030,0.146909","2:0.437958,0.307929,0.076948,0.105430:0.8774;2:0.523571,0.464484,0.047028,0.043782:0.6723;2:0.519344,0.340600,0.039325,0.033860:0.5479;2:0.557124,0.447989,0.118680,0.078164:0.3075;2:0.591339,0.430312,0.043042,0.040865:0.2515;2:0.590365,0.445976,0.051605,0.073768:0.1195;2:0.535179,0.340232,0.081620,0.037783:0.0968;2:0.501169,0.664773,0.078834,0.020879:0.0553;2:0.501118,0.667641,0.081208,0.026612:0.0503","2:0.486210,0.306138,0.176321,0.106973;2:0.557403,0.428499,0.194841,0.122662;2:0.501145,0.726901,0.082030,0.146909","2:0.437958,0.307929,0.076948,0.105430:0.8774;2:0.523571,0.464484,0.047028,0.043782:0.6723;2:0.519344,0.340600,0.039325,0.033860:0.5479;2:0.557124,0.447989,0.118680,0.078164:0.3075;2:0.591339,0.430312,0.043042,0.040865:0.2515;2:0.590365,0.445976,0.051605,0.073768:0.1195;2:0.535179,0.340232,0.081620,0.037783:0.0968;2:0.501169,0.664773,0.078834,0.020879:0.0553;2:0.501118,0.667641,0.081208,0.026612:0.0503",,,,accept_existing_labels|fix_tactile_damage_area_bbox|remove_false_damage_area_label|add_missing_tactile_damage_area|exclude_unclear
tactile3-da-final-021,21,val,04096_04223,tactile3-da-002,mixed_fn_fp_damage_area,93.3966,review_tactile_damage_area_label_or_negative,datasets/walksafe_kr_tactile_3class_20260521/images/val/aihub513_tactile_2_09_1_1_4_2_20210724_0000028311.jpg,datasets/walksafe_kr_tactile_3class_20260521/labels/val/aihub513_tactile_2_09_1_1_4_2_20210724_0000028311.txt,docs/review/walksafe_tactile3_damage_area_20260522/final_overlays/021_mixed_fn_fp_damage_area_002_mixed_fn_fp_damage_area_aihub513_tactile_2_09_1_1_4_2_20210724_0000028311.jpg,docs/review/walksafe_tactile3_damage_area_20260522/final_crops/021_mixed_fn_fp_damage_area_002_mixed_fn_fp_damage_area_aihub513_tactile_2_09_1_1_4_2_20210724_0000028311.jpg,3,9,0,3,9,1,1,1,0.002825,0.4906,True,"2:0.513707,0.562067,0.177482,0.025678;2:0.509904,0.418697,0.180017,0.015692;2:0.501030,0.305999,0.182553,0.027105","2:0.451452,0.310290,0.107592,0.020504:0.4906;2:0.495713,0.556669,0.251775,0.059506:0.4648;2:0.496167,0.425590,0.214474,0.018713:0.3329;2:0.513143,0.555807,0.290511,0.063855:0.2494;2:0.449343,0.310133,0.108022,0.017591:0.1562;2:0.654788,0.711071,0.036802,0.033404:0.1216;2:0.399747,0.542497,0.051498,0.030951:0.1189;2:0.516262,0.426644,0.167882,0.013963:0.0750;2:0.504658,0.573371,0.204921,0.028158:0.0625","2:0.513707,0.562067,0.177482,0.025678;2:0.509904,0.418697,0.180017,0.015692;2:0.501030,0.305999,0.182553,0.027105","2:0.451452,0.310290,0.107592,0.020504:0.4906;2:0.495713,0.556669,0.251775,0.059506:0.4648;2:0.496167,0.425590,0.214474,0.018713:0.3329;2:0.513143,0.555807,0.290511,0.063855:0.2494;2:0.449343,0.310133,0.108022,0.017591:0.1562;2:0.654788,0.711071,0.036802,0.033404:0.1216;2:0.399747,0.542497,0.051498,0.030951:0.1189;2:0.516262,0.426644,0.167882,0.013963:0.0750;2:0.504658,0.573371,0.204921,0.028158:0.0625",,,,accept_existing_labels|fix_tactile_damage_area_bbox|remove_false_damage_area_label|add_missing_tactile_damage_area|exclude_unclear
tactile3-da-final-022,22,val,03200_03327,tactile3-da-001,mixed_fn_fp_damage_area,92.9576,review_tactile_damage_area_label_or_negative,datasets/walksafe_kr_tactile_3class_20260521/images/val/aihub513_tactile_2_09_1_1_1_2_20210724_0000002242.jpg,datasets/walksafe_kr_tactile_3class_20260521/labels/val/aihub513_tactile_2_09_1_1_1_2_20210724_0000002242.txt,docs/review/walksafe_tactile3_damage_area_20260522/final_overlays/022_mixed_fn_fp_damage_area_001_mixed_fn_fp_damage_area_aihub513_tactile_2_09_1_1_1_2_20210724_0000002242.jpg,docs/review/walksafe_tactile3_damage_area_20260522/final_crops/022_mixed_fn_fp_damage_area_001_mixed_fn_fp_damage_area_aihub513_tactile_2_09_1_1_1_2_20210724_0000002242.jpg,3,9,0,3,9,1,1,1,0.003297,0.3915,False,"2:0.642352,0.547143,0.136882,0.032857;2:0.578032,0.801879,0.083028,0.066616;2:0.261828,0.661906,0.047391,0.069565","2:0.498785,0.304978,0.442315,0.086088:0.3915;2:0.502511,0.400827,0.432241,0.278081:0.3762;2:0.472140,0.059838,0.262001,0.118329:0.2313;2:0.573760,0.684488,0.109734,0.318620:0.1488;2:0.444505,0.133517,0.180006,0.029705:0.0869;2:0.395530,0.489527,0.279778,0.099135:0.0629;2:0.500721,0.122424,0.383375,0.240595:0.0583;2:0.499663,0.072224,0.356323,0.139798:0.0581;2:0.494994,0.056070,0.362841,0.109654:0.0541","2:0.642352,0.547143,0.136882,0.032857;2:0.578032,0.801879,0.083028,0.066616;2:0.261828,0.661906,0.047391,0.069565","2:0.498785,0.304978,0.442315,0.086088:0.3915;2:0.502511,0.400827,0.432241,0.278081:0.3762;2:0.472140,0.059838,0.262001,0.118329:0.2313;2:0.573760,0.684488,0.109734,0.318620:0.1488;2:0.444505,0.133517,0.180006,0.029705:0.0869;2:0.395530,0.489527,0.279778,0.099135:0.0629;2:0.500721,0.122424,0.383375,0.240595:0.0583;2:0.499663,0.072224,0.356323,0.139798:0.0581;2:0.494994,0.056070,0.362841,0.109654:0.0541",,,,accept_existing_labels|fix_tactile_damage_area_bbox|remove_false_damage_area_label|add_missing_tactile_damage_area|exclude_unclear
tactile3-da-final-023,23,val,03968_04095,tactile3-da-001,mixed_fn_fp_damage_area,91.8694,review_tactile_damage_area_label_or_negative,datasets/walksafe_kr_tactile_3class_20260521/images/val/aihub513_tactile_2_09_1_1_3_2_20211015_0000645600.jpg,datasets/walksafe_kr_tactile_3class_20260521/labels/val/aihub513_tactile_2_09_1_1_3_2_20211015_0000645600.txt,docs/review/walksafe_tactile3_damage_area_20260522/final_overlays/023_mixed_fn_fp_damage_area_001_mixed_fn_fp_damage_area_aihub513_tactile_2_09_1_1_3_2_20211015_0000645600.jpg,docs/review/walksafe_tactile3_damage_area_20260522/final_crops/023_mixed_fn_fp_damage_area_001_mixed_fn_fp_damage_area_aihub513_tactile_2_09_1_1_3_2_20211015_0000645600.jpg,3,14,2,1,12,1,1,1,0.003735,0.6178,True,"2:0.464067,0.355348,0.091254,0.101587;2:0.506924,0.570820,0.063062,0.059233;2:0.649632,0.860965,0.094278,0.114286","2:0.460671,0.474454,0.112964,0.130818:0.6178;2:0.490322,0.742519,0.034170,0.037424:0.1846;2:0.501221,0.570298,0.024727,0.021603:0.1512;2:0.449495,0.328280,0.025923,0.023379:0.1159;2:0.660410,0.860402,0.065752,0.108668:0.1149;2:0.481727,0.574756,0.019966,0.039980:0.0879;2:0.494336,0.575700,0.043492,0.038402:0.0825;2:0.660875,0.880369,0.063219,0.069658:0.0812;2:0.568500,0.155621,0.024817,0.012696:0.0804;2:0.490995,0.742316,0.044012,0.043711:0.0786;2:0.448311,0.350788,0.049999,0.083262:0.0748;2:0.461628,0.356429,0.078331,0.100009:0.0612;2:0.640264,0.850219,0.026498,0.087303:0.0574;2:0.662680,0.821348,0.068216,0.186283:0.0549","2:0.506924,0.570820,0.063062,0.059233","2:0.460671,0.474454,0.112964,0.130818:0.6178;2:0.490322,0.742519,0.034170,0.037424:0.1846;2:0.501221,0.570298,0.024727,0.021603:0.1512;2:0.449495,0.328280,0.025923,0.023379:0.1159;2:0.481727,0.574756,0.019966,0.039980:0.0879;2:0.494336,0.575700,0.043492,0.038402:0.0825;2:0.660875,0.880369,0.063219,0.069658:0.0812;2:0.568500,0.155621,0.024817,0.012696:0.0804;2:0.490995,0.742316,0.044012,0.043711:0.0786;2:0.448311,0.350788,0.049999,0.083262:0.0748;2:0.640264,0.850219,0.026498,0.087303:0.0574;2:0.662680,0.821348,0.068216,0.186283:0.0549",,,,accept_existing_labels|fix_tactile_damage_area_bbox|remove_false_damage_area_label|add_missing_tactile_damage_area|exclude_unclear
tactile3-da-final-024,24,val,04096_04223,tactile3-da-003,mixed_fn_fp_damage_area,91.3966,review_tactile_damage_area_label_or_negative,datasets/walksafe_kr_tactile_3class_20260521/images/val/aihub513_tactile_2_09_1_1_4_1_20211102_0000833284.jpg,datasets/walksafe_kr_tactile_3class_20260521/labels/val/aihub513_tactile_2_09_1_1_4_1_20211102_0000833284.txt,docs/review/walksafe_tactile3_damage_area_20260522/final_overlays/024_mixed_fn_fp_damage_area_003_mixed_fn_fp_damage_area_aihub513_tactile_2_09_1_1_4_1_20211102_0000833284.jpg,docs/review/walksafe_tactile3_damage_area_20260522/final_crops/024_mixed_fn_fp_damage_area_003_mixed_fn_fp_damage_area_aihub513_tactile_2_09_1_1_4_1_20211102_0000833284.jpg,3,14,2,1,12,1,1,1,0.001177,0.4540,True,"2:0.450947,0.442014,0.194635,0.103857;2:0.486374,0.089893,0.199096,0.040777;2:0.580274,0.187462,0.043332,0.027165","2:0.581450,0.186693,0.046984,0.025153:0.6104;2:0.449285,0.443636,0.191396,0.091680:0.5767;2:0.525047,0.927607,0.288777,0.045152:0.4540;2:0.488801,0.104303,0.205373,0.012029:0.4153;2:0.507025,0.734043,0.282549,0.044470:0.3673;2:0.506290,0.555366,0.256678,0.031692:0.2489;2:0.454768,0.414344,0.180427,0.034533:0.1113;2:0.466357,0.554774,0.165744,0.027157:0.1103;2:0.450283,0.417672,0.189466,0.041208:0.0972;2:0.438885,0.919175,0.090040,0.027712:0.0971;2:0.478163,0.104720,0.197323,0.010398:0.0932;2:0.490777,0.295951,0.241705,0.030038:0.0626;2:0.470787,0.549626,0.160406,0.015805:0.0604;2:0.468090,0.551105,0.152797,0.017785:0.0585","2:0.486374,0.089893,0.199096,0.040777","2:0.525047,0.927607,0.288777,0.045152:0.4540;2:0.488801,0.104303,0.205373,0.012029:0.4153;2:0.507025,0.734043,0.282549,0.044470:0.3673;2:0.506290,0.555366,0.256678,0.031692:0.2489;2:0.454768,0.414344,0.180427,0.034533:0.1113;2:0.466357,0.554774,0.165744,0.027157:0.1103;2:0.450283,0.417672,0.189466,0.041208:0.0972;2:0.438885,0.919175,0.090040,0.027712:0.0971;2:0.478163,0.104720,0.197323,0.010398:0.0932;2:0.490777,0.295951,0.241705,0.030038:0.0626;2:0.470787,0.549626,0.160406,0.015805:0.0604;2:0.468090,0.551105,0.152797,0.017785:0.0585",,,,accept_existing_labels|fix_tactile_damage_area_bbox|remove_false_damage_area_label|add_missing_tactile_damage_area|exclude_unclear
tactile3-da-final-025,25,val,02432_02559,tactile3-da-025,damage_block_ok_area_missed,37.0000,review_tactile_damage_area_label_or_negative,datasets/walksafe_kr_tactile_3class_20260521/images/val/aihub513_tactile_2_09_1_1_1_1_20210728_0000046405.jpg,datasets/walksafe_kr_tactile_3class_20260521/labels/val/aihub513_tactile_2_09_1_1_1_1_20210728_0000046405.txt,docs/review/walksafe_tactile3_damage_area_20260522/final_overlays/025_damage_block_ok_area_missed_025_damage_block_ok_area_missed_aihub513_tactile_2_09_1_1_1_1_20210728_0000046405.jpg,docs/review/walksafe_tactile3_damage_area_20260522/final_crops/025_damage_block_ok_area_missed_025_damage_block_ok_area_missed_aihub513_tactile_2_09_1_1_1_1_20210728_0000046405.jpg,3,0,0,3,0,1,1,1,0.000469,,False,"2:0.288980,0.344538,0.045666,0.021870;2:0.445912,0.365741,0.094845,0.017116;2:0.441828,0.465179,0.037730,0.012434",,"2:0.288980,0.344538,0.045666,0.021870;2:0.445912,0.365741,0.094845,0.017116;2:0.441828,0.465179,0.037730,0.012434",,,,,accept_existing_labels|fix_tactile_damage_area_bbox|remove_false_damage_area_label|add_missing_tactile_damage_area|exclude_unclear
tactile3-da-final-026,26,val,02816_02943,tactile3-da-025,damage_block_ok_area_missed,37.0000,review_tactile_damage_area_label_or_negative,datasets/walksafe_kr_tactile_3class_20260521/images/val/aihub513_tactile_2_09_1_1_1_1_20210908_0000465578.jpg,datasets/walksafe_kr_tactile_3class_20260521/labels/val/aihub513_tactile_2_09_1_1_1_1_20210908_0000465578.txt,docs/review/walksafe_tactile3_damage_area_20260522/final_overlays/026_damage_block_ok_area_missed_025_damage_block_ok_area_missed_aihub513_tactile_2_09_1_1_1_1_20210908_0000465578.jpg,docs/review/walksafe_tactile3_damage_area_20260522/final_crops/026_damage_block_ok_area_missed_025_damage_block_ok_area_missed_aihub513_tactile_2_09_1_1_1_1_20210908_0000465578.jpg,3,0,0,3,0,1,1,1,0.004258,,False,"2:0.621746,0.785655,0.122401,0.036457;2:0.410710,0.645770,0.080194,0.053101;2:0.557846,0.481791,0.106669,0.141794",,"2:0.621746,0.785655,0.122401,0.036457;2:0.410710,0.645770,0.080194,0.053101;2:0.557846,0.481791,0.106669,0.141794",,,,,accept_existing_labels|fix_tactile_damage_area_bbox|remove_false_damage_area_label|add_missing_tactile_damage_area|exclude_unclear
tactile3-da-final-027,27,val,02816_02943,tactile3-da-026,damage_block_ok_area_missed,37.0000,review_tactile_damage_area_label_or_negative,datasets/walksafe_kr_tactile_3class_20260521/images/val/aihub513_tactile_2_09_1_1_1_1_20210923_0000534509.jpg,datasets/walksafe_kr_tactile_3class_20260521/labels/val/aihub513_tactile_2_09_1_1_1_1_20210923_0000534509.txt,docs/review/walksafe_tactile3_damage_area_20260522/final_overlays/027_damage_block_ok_area_missed_026_damage_block_ok_area_missed_aihub513_tactile_2_09_1_1_1_1_20210923_0000534509.jpg,docs/review/walksafe_tactile3_damage_area_20260522/final_crops/027_damage_block_ok_area_missed_026_damage_block_ok_area_missed_aihub513_tactile_2_09_1_1_1_1_20210923_0000534509.jpg,3,0,0,3,0,1,1,1,0.000249,,False,"2:0.396515,0.241715,0.031078,0.014263;2:0.393978,0.392546,0.018393,0.013550;2:0.457448,0.861406,0.054643,0.039498",,"2:0.396515,0.241715,0.031078,0.014263;2:0.393978,0.392546,0.018393,0.013550;2:0.457448,0.861406,0.054643,0.039498",,,,,accept_existing_labels|fix_tactile_damage_area_bbox|remove_false_damage_area_label|add_missing_tactile_damage_area|exclude_unclear
tactile3-da-final-028,28,val,02944_03071,tactile3-da-025,damage_block_ok_area_missed,37.0000,review_tactile_damage_area_label_or_negative,datasets/walksafe_kr_tactile_3class_20260521/images/val/aihub513_tactile_2_09_1_1_1_1_20211011_0000617303.jpg,datasets/walksafe_kr_tactile_3class_20260521/labels/val/aihub513_tactile_2_09_1_1_1_1_20211011_0000617303.txt,docs/review/walksafe_tactile3_damage_area_20260522/final_overlays/028_damage_block_ok_area_missed_025_damage_block_ok_area_missed_aihub513_tactile_2_09_1_1_1_1_20211011_0000617303.jpg,docs/review/walksafe_tactile3_damage_area_20260522/final_crops/028_damage_block_ok_area_missed_025_damage_block_ok_area_missed_aihub513_tactile_2_09_1_1_1_1_20211011_0000617303.jpg,3,0,0,3,0,1,1,1,0.002555,,False,"2:0.700394,0.936882,0.040619,0.076493;2:0.666589,0.693607,0.044246,0.080378;2:0.567615,0.313191,0.141634,0.018038",,"2:0.700394,0.936882,0.040619,0.076493;2:0.666589,0.693607,0.044246,0.080378;2:0.567615,0.313191,0.141634,0.018038",,,,,accept_existing_labels|fix_tactile_damage_area_bbox|remove_false_damage_area_label|add_missing_tactile_damage_area|exclude_unclear
tactile3-da-final-029,29,val,03200_03327,tactile3-da-025,damage_block_ok_area_missed,37.0000,review_tactile_damage_area_label_or_negative,datasets/walksafe_kr_tactile_3class_20260521/images/val/aihub513_tactile_2_09_1_1_1_2_20210726_0000096327.jpg,datasets/walksafe_kr_tactile_3class_20260521/labels/val/aihub513_tactile_2_09_1_1_1_2_20210726_0000096327.txt,docs/review/walksafe_tactile3_damage_area_20260522/final_overlays/029_damage_block_ok_area_missed_025_damage_block_ok_area_missed_aihub513_tactile_2_09_1_1_1_2_20210726_0000096327.jpg,docs/review/walksafe_tactile3_damage_area_20260522/final_crops/029_damage_block_ok_area_missed_025_damage_block_ok_area_missed_aihub513_tactile_2_09_1_1_1_2_20210726_0000096327.jpg,3,0,0,3,0,1,1,1,0.000142,,False,"2:0.613963,0.190022,0.093177,0.012188;2:0.555765,0.013450,0.024909,0.005705;2:0.587344,0.068986,0.021191,0.015270",,"2:0.613963,0.190022,0.093177,0.012188;2:0.555765,0.013450,0.024909,0.005705;2:0.587344,0.068986,0.021191,0.015270",,,,,accept_existing_labels|fix_tactile_damage_area_bbox|remove_false_damage_area_label|add_missing_tactile_damage_area|exclude_unclear
tactile3-da-final-030,30,val,03840_03967,tactile3-da-025,damage_block_ok_area_missed,37.0000,review_tactile_damage_area_label_or_negative,datasets/walksafe_kr_tactile_3class_20260521/images/val/aihub513_tactile_2_09_1_1_1_4_20210811_0000165495.jpg,datasets/walksafe_kr_tactile_3class_20260521/labels/val/aihub513_tactile_2_09_1_1_1_4_20210811_0000165495.txt,docs/review/walksafe_tactile3_damage_area_20260522/final_overlays/030_damage_block_ok_area_missed_025_damage_block_ok_area_missed_aihub513_tactile_2_09_1_1_1_4_20210811_0000165495.jpg,docs/review/walksafe_tactile3_damage_area_20260522/final_crops/030_damage_block_ok_area_missed_025_damage_block_ok_area_missed_aihub513_tactile_2_09_1_1_1_4_20210811_0000165495.jpg,3,0,0,3,0,1,1,1,0.001091,,False,"2:0.384814,0.445238,0.179974,0.107619;2:0.541474,0.092607,0.030725,0.035498;2:0.608787,0.092453,0.028517,0.044940",,"2:0.384814,0.445238,0.179974,0.107619;2:0.541474,0.092607,0.030725,0.035498;2:0.608787,0.092453,0.028517,0.044940",,,,,accept_existing_labels|fix_tactile_damage_area_bbox|remove_false_damage_area_label|add_missing_tactile_damage_area|exclude_unclear
tactile3-da-final-031,31,val,03840_03967,tactile3-da-026,damage_block_ok_area_missed,37.0000,review_tactile_damage_area_label_or_negative,datasets/walksafe_kr_tactile_3class_20260521/images/val/aihub513_tactile_2_09_1_1_1_4_20211014_0000652306.jpg,datasets/walksafe_kr_tactile_3class_20260521/labels/val/aihub513_tactile_2_09_1_1_1_4_20211014_0000652306.txt,docs/review/walksafe_tactile3_damage_area_20260522/final_overlays/031_damage_block_ok_area_missed_026_damage_block_ok_area_missed_aihub513_tactile_2_09_1_1_1_4_20211014_0000652306.jpg,docs/review/walksafe_tactile3_damage_area_20260522/final_crops/031_damage_block_ok_area_missed_026_damage_block_ok_area_missed_aihub513_tactile_2_09_1_1_1_4_20211014_0000652306.jpg,3,0,0,3,0,1,1,1,0.000573,,False,"2:0.447614,0.366255,0.034114,0.060347;2:0.630802,0.224933,0.032262,0.017749;2:0.406673,0.679077,0.034622,0.035540",,"2:0.447614,0.366255,0.034114,0.060347;2:0.630802,0.224933,0.032262,0.017749;2:0.406673,0.679077,0.034622,0.035540",,,,,accept_existing_labels|fix_tactile_damage_area_bbox|remove_false_damage_area_label|add_missing_tactile_damage_area|exclude_unclear
tactile3-da-final-032,32,val,04224_04351,tactile3-da-025,damage_block_ok_area_missed,37.0000,review_tactile_damage_area_label_or_negative,datasets/walksafe_kr_tactile_3class_20260521/images/val/aihub513_tactile_2_09_1_1_5_1_20210911_0000504898.jpg,datasets/walksafe_kr_tactile_3class_20260521/labels/val/aihub513_tactile_2_09_1_1_5_1_20210911_0000504898.txt,docs/review/walksafe_tactile3_damage_area_20260522/final_overlays/032_damage_block_ok_area_missed_025_damage_block_ok_area_missed_aihub513_tactile_2_09_1_1_5_1_20210911_0000504898.jpg,docs/review/walksafe_tactile3_damage_area_20260522/final_crops/032_damage_block_ok_area_missed_025_damage_block_ok_area_missed_aihub513_tactile_2_09_1_1_5_1_20210911_0000504898.jpg,3,0,0,3,0,1,1,1,0.000579,,False,"2:0.376075,0.057380,0.040592,0.014263;2:0.501022,0.261698,0.199154,0.023534;2:0.399379,0.385638,0.065962,0.020602",,"2:0.376075,0.057380,0.040592,0.014263;2:0.501022,0.261698,0.199154,0.023534;2:0.399379,0.385638,0.065962,0.020602",,,,,accept_existing_labels|fix_tactile_damage_area_bbox|remove_false_damage_area_label|add_missing_tactile_damage_area|exclude_unclear
tactile3-da-final-033,33,val,04352_04479,tactile3-da-025,damage_block_ok_area_missed,37.0000,review_tactile_damage_area_label_or_negative,datasets/walksafe_kr_tactile_3class_20260521/images/val/aihub513_tactile_2_09_1_1_5_1_20211006_0000600560.jpg,datasets/walksafe_kr_tactile_3class_20260521/labels/val/aihub513_tactile_2_09_1_1_5_1_20211006_0000600560.txt,docs/review/walksafe_tactile3_damage_area_20260522/final_overlays/033_damage_block_ok_area_missed_025_damage_block_ok_area_missed_aihub513_tactile_2_09_1_1_5_1_20211006_0000600560.jpg,docs/review/walksafe_tactile3_damage_area_20260522/final_crops/033_damage_block_ok_area_missed_025_damage_block_ok_area_missed_aihub513_tactile_2_09_1_1_5_1_20211006_0000600560.jpg,3,0,0,3,0,1,1,1,0.000610,,False,"2:0.582060,0.616457,0.030888,0.081874;2:0.606055,0.728120,0.081239,0.017269;2:0.358128,0.260382,0.044255,0.013780",,"2:0.582060,0.616457,0.030888,0.081874;2:0.606055,0.728120,0.081239,0.017269;2:0.358128,0.260382,0.044255,0.013780",,,,,accept_existing_labels|fix_tactile_damage_area_bbox|remove_false_damage_area_label|add_missing_tactile_damage_area|exclude_unclear
tactile3-da-final-034,34,val,04352_04479,tactile3-da-026,damage_block_ok_area_missed,37.0000,review_tactile_damage_area_label_or_negative,datasets/walksafe_kr_tactile_3class_20260521/images/val/aihub513_tactile_2_09_1_1_5_1_20211006_0000600561.jpg,datasets/walksafe_kr_tactile_3class_20260521/labels/val/aihub513_tactile_2_09_1_1_5_1_20211006_0000600561.txt,docs/review/walksafe_tactile3_damage_area_20260522/final_overlays/034_damage_block_ok_area_missed_026_damage_block_ok_area_missed_aihub513_tactile_2_09_1_1_5_1_20211006_0000600561.jpg,docs/review/walksafe_tactile3_damage_area_20260522/final_crops/034_damage_block_ok_area_missed_026_damage_block_ok_area_missed_aihub513_tactile_2_09_1_1_5_1_20211006_0000600561.jpg,3,0,0,3,0,1,1,1,0.000418,,False,"2:0.554595,0.122774,0.050038,0.057949;2:0.572256,0.180309,0.027472,0.019592;2:0.382286,0.095718,0.042339,0.009861",,"2:0.554595,0.122774,0.050038,0.057949;2:0.572256,0.180309,0.027472,0.019592;2:0.382286,0.095718,0.042339,0.009861",,,,,accept_existing_labels|fix_tactile_damage_area_bbox|remove_false_damage_area_label|add_missing_tactile_damage_area|exclude_unclear
tactile3-da-final-035,35,val,04480_04607,tactile3-da-025,damage_block_ok_area_missed,37.0000,review_tactile_damage_area_label_or_negative,datasets/walksafe_kr_tactile_3class_20260521/images/val/aihub513_tactile_2_09_1_1_5_2_20211020_0000671327.jpg,datasets/walksafe_kr_tactile_3class_20260521/labels/val/aihub513_tactile_2_09_1_1_5_2_20211020_0000671327.txt,docs/review/walksafe_tactile3_damage_area_20260522/final_overlays/035_damage_block_ok_area_missed_025_damage_block_ok_area_missed_aihub513_tactile_2_09_1_1_5_2_20211020_0000671327.jpg,docs/review/walksafe_tactile3_damage_area_20260522/final_crops/035_damage_block_ok_area_missed_025_damage_block_ok_area_missed_aihub513_tactile_2_09_1_1_5_2_20211020_0000671327.jpg,3,0,0,3,0,1,1,1,0.001670,,False,"2:0.496815,0.235823,0.217555,0.096835;2:0.592216,0.053819,0.029399,0.074662;2:0.476339,0.124393,0.029085,0.057427",,"2:0.496815,0.235823,0.217555,0.096835;2:0.592216,0.053819,0.029399,0.074662;2:0.476339,0.124393,0.029085,0.057427",,,,,accept_existing_labels|fix_tactile_damage_area_bbox|remove_false_damage_area_label|add_missing_tactile_damage_area|exclude_unclear
tactile3-da-final-036,36,val,04480_04607,tactile3-da-026,damage_block_ok_area_missed,37.0000,review_tactile_damage_area_label_or_negative,datasets/walksafe_kr_tactile_3class_20260521/images/val/aihub513_tactile_2_09_1_1_5_2_20211022_0000687808.jpg,datasets/walksafe_kr_tactile_3class_20260521/labels/val/aihub513_tactile_2_09_1_1_5_2_20211022_0000687808.txt,docs/review/walksafe_tactile3_damage_area_20260522/final_overlays/036_damage_block_ok_area_missed_026_damage_block_ok_area_missed_aihub513_tactile_2_09_1_1_5_2_20211022_0000687808.jpg,docs/review/walksafe_tactile3_damage_area_20260522/final_crops/036_damage_block_ok_area_missed_026_damage_block_ok_area_missed_aihub513_tactile_2_09_1_1_5_2_20211022_0000687808.jpg,3,0,0,3,0,1,1,1,0.003465,,False,"2:0.341558,0.892636,0.051113,0.164000;2:0.629012,0.933494,0.046932,0.073826;2:0.624021,0.802912,0.059363,0.089019",,"2:0.341558,0.892636,0.051113,0.164000;2:0.629012,0.933494,0.046932,0.073826;2:0.624021,0.802912,0.059363,0.089019",,,,,accept_existing_labels|fix_tactile_damage_area_bbox|remove_false_damage_area_label|add_missing_tactile_damage_area|exclude_unclear
tactile3-da-final-037,37,val,02304_02431,tactile3-da-025,damage_block_ok_area_missed,27.0000,review_tactile_damage_area_label_or_negative,datasets/walksafe_kr_tactile_3class_20260521/images/val/aihub513_tactile_2_09_1_1_1_1_20210722_0000038831.jpg,datasets/walksafe_kr_tactile_3class_20260521/labels/val/aihub513_tactile_2_09_1_1_1_1_20210722_0000038831.txt,docs/review/walksafe_tactile3_damage_area_20260522/final_overlays/037_damage_block_ok_area_missed_025_damage_block_ok_area_missed_aihub513_tactile_2_09_1_1_1_1_20210722_0000038831.jpg,docs/review/walksafe_tactile3_damage_area_20260522/final_crops/037_damage_block_ok_area_missed_025_damage_block_ok_area_missed_aihub513_tactile_2_09_1_1_1_1_20210722_0000038831.jpg,3,1,1,2,0,1,1,1,0.005831,,False,"2:0.499852,0.527714,0.400845,0.160000;2:0.382714,0.143284,0.112243,0.051948;2:0.592120,0.153391,0.239202,0.034694","2:0.505574,0.527917,0.403984,0.151704:0.8177","2:0.382714,0.143284,0.112243,0.051948;2:0.592120,0.153391,0.239202,0.034694",,,,,accept_existing_labels|fix_tactile_damage_area_bbox|remove_false_damage_area_label|add_missing_tactile_damage_area|exclude_unclear
tactile3-da-final-038,38,val,02432_02559,tactile3-da-026,damage_block_ok_area_missed,27.0000,review_tactile_damage_area_label_or_negative,datasets/walksafe_kr_tactile_3class_20260521/images/val/aihub513_tactile_2_09_1_1_1_1_20210727_0000024234.jpg,datasets/walksafe_kr_tactile_3class_20260521/labels/val/aihub513_tactile_2_09_1_1_1_1_20210727_0000024234.txt,docs/review/walksafe_tactile3_damage_area_20260522/final_overlays/038_damage_block_ok_area_missed_026_damage_block_ok_area_missed_aihub513_tactile_2_09_1_1_1_1_20210727_0000024234.jpg,docs/review/walksafe_tactile3_damage_area_20260522/final_crops/038_damage_block_ok_area_missed_026_damage_block_ok_area_missed_aihub513_tactile_2_09_1_1_1_1_20210727_0000024234.jpg,3,1,1,2,0,1,1,1,0.005621,,False,"2:0.516979,0.480958,0.360802,0.177527;2:0.370929,0.070479,0.040925,0.137352;2:0.637672,0.081582,0.065772,0.156269","2:0.531238,0.511842,0.304270,0.238926:0.3754","2:0.370929,0.070479,0.040925,0.137352;2:0.637672,0.081582,0.065772,0.156269",,,,,accept_existing_labels|fix_tactile_damage_area_bbox|remove_false_damage_area_label|add_missing_tactile_damage_area|exclude_unclear
tactile3-da-final-039,39,val,02432_02559,tactile3-da-027,damage_block_ok_area_missed,27.0000,review_tactile_damage_area_label_or_negative,datasets/walksafe_kr_tactile_3class_20260521/images/val/aihub513_tactile_2_09_1_1_1_1_20210729_0000026437.jpg,datasets/walksafe_kr_tactile_3class_20260521/labels/val/aihub513_tactile_2_09_1_1_1_1_20210729_0000026437.txt,docs/review/walksafe_tactile3_damage_area_20260522/final_overlays/039_damage_block_ok_area_missed_027_damage_block_ok_area_missed_aihub513_tactile_2_09_1_1_1_1_20210729_0000026437.jpg,docs/review/walksafe_tactile3_damage_area_20260522/final_crops/039_damage_block_ok_area_missed_027_damage_block_ok_area_missed_aihub513_tactile_2_09_1_1_1_1_20210729_0000026437.jpg,3,1,1,2,0,1,1,1,0.000122,,False,"2:0.500769,0.564531,0.026797,0.034694;2:0.608275,0.443882,0.017020,0.007143;2:0.493040,0.933457,0.019265,0.013429","2:0.499652,0.563297,0.031472,0.032869:0.8368","2:0.608275,0.443882,0.017020,0.007143;2:0.493040,0.933457,0.019265,0.013429",,,,,accept_existing_labels|fix_tactile_damage_area_bbox|remove_false_damage_area_label|add_missing_tactile_damage_area|exclude_unclear
tactile3-da-final-040,40,val,02560_02687,tactile3-da-025,damage_block_ok_area_missed,27.0000,review_tactile_damage_area_label_or_negative,datasets/walksafe_kr_tactile_3class_20260521/images/val/aihub513_tactile_2_09_1_1_1_1_20210808_0000123960.jpg,datasets/walksafe_kr_tactile_3class_20260521/labels/val/aihub513_tactile_2_09_1_1_1_1_20210808_0000123960.txt,docs/review/walksafe_tactile3_damage_area_20260522/final_overlays/040_damage_block_ok_area_missed_025_damage_block_ok_area_missed_aihub513_tactile_2_09_1_1_1_1_20210808_0000123960.jpg,docs/review/walksafe_tactile3_damage_area_20260522/final_crops/040_damage_block_ok_area_missed_025_damage_block_ok_area_missed_aihub513_tactile_2_09_1_1_1_1_20210808_0000123960.jpg,3,1,1,2,0,1,1,1,0.000233,,False,"2:0.561296,0.430203,0.114165,0.118027;2:0.567052,0.035683,0.022833,0.010188;2:0.439747,0.450457,0.067049,0.021802","2:0.561378,0.430648,0.126660,0.115692:0.8729","2:0.567052,0.035683,0.022833,0.010188;2:0.439747,0.450457,0.067049,0.021802",,,,,accept_existing_labels|fix_tactile_damage_area_bbox|remove_false_damage_area_label|add_missing_tactile_damage_area|exclude_unclear
tactile3-da-final-041,41,val,02688_02815,tactile3-da-025,damage_block_ok_area_missed,27.0000,review_tactile_damage_area_label_or_negative,datasets/walksafe_kr_tactile_3class_20260521/images/val/aihub513_tactile_2_09_1_1_1_1_20210819_0000271976.jpg,datasets/walksafe_kr_tactile_3class_20260521/labels/val/aihub513_tactile_2_09_1_1_1_1_20210819_0000271976.txt,docs/review/walksafe_tactile3_damage_area_20260522/final_overlays/041_damage_block_ok_area_missed_025_damage_block_ok_area_missed_aihub513_tactile_2_09_1_1_1_1_20210819_0000271976.jpg,docs/review/walksafe_tactile3_damage_area_20260522/final_crops/041_damage_block_ok_area_missed_025_damage_block_ok_area_missed_aihub513_tactile_2_09_1_1_1_1_20210819_0000271976.jpg,3,1,1,2,0,1,1,1,0.001226,,False,"2:0.537902,0.391786,0.039924,0.030714;2:0.603204,0.402765,0.041040,0.055329;2:0.474640,0.417467,0.041082,0.091379","2:0.538480,0.392118,0.042532,0.033134:0.7619","2:0.603204,0.402765,0.041040,0.055329;2:0.474640,0.417467,0.041082,0.091379",,,,,accept_existing_labels|fix_tactile_damage_area_bbox|remove_false_damage_area_label|add_missing_tactile_damage_area|exclude_unclear
tactile3-da-final-042,42,val,02688_02815,tactile3-da-026,damage_block_ok_area_missed,27.0000,review_tactile_damage_area_label_or_negative,datasets/walksafe_kr_tactile_3class_20260521/images/val/aihub513_tactile_2_09_1_1_1_1_20210828_0000377391.jpg,datasets/walksafe_kr_tactile_3class_20260521/labels/val/aihub513_tactile_2_09_1_1_1_1_20210828_0000377391.txt,docs/review/walksafe_tactile3_damage_area_20260522/final_overlays/042_damage_block_ok_area_missed_026_damage_block_ok_area_missed_aihub513_tactile_2_09_1_1_1_1_20210828_0000377391.jpg,docs/review/walksafe_tactile3_damage_area_20260522/final_crops/042_damage_block_ok_area_missed_026_damage_block_ok_area_missed_aihub513_tactile_2_09_1_1_1_1_20210828_0000377391.jpg,3,1,1,2,0,1,1,1,0.000923,,False,"2:0.488404,0.422089,0.063210,0.025714;2:0.475886,0.113255,0.015313,0.060294;2:0.517957,0.642381,0.145960,0.115911","2:0.490823,0.421537,0.065136,0.028035:0.7953","2:0.475886,0.113255,0.015313,0.060294;2:0.517957,0.642381,0.145960,0.115911",,,,,accept_existing_labels|fix_tactile_damage_area_bbox|remove_false_damage_area_label|add_missing_tactile_damage_area|exclude_unclear
tactile3-da-final-043,43,val,02688_02815,tactile3-da-027,damage_block_ok_area_missed,27.0000,review_tactile_damage_area_label_or_negative,datasets/walksafe_kr_tactile_3class_20260521/images/val/aihub513_tactile_2_09_1_1_1_1_20210828_0000379443.jpg,datasets/walksafe_kr_tactile_3class_20260521/labels/val/aihub513_tactile_2_09_1_1_1_1_20210828_0000379443.txt,docs/review/walksafe_tactile3_damage_area_20260522/final_overlays/043_damage_block_ok_area_missed_027_damage_block_ok_area_missed_aihub513_tactile_2_09_1_1_1_1_20210828_0000379443.jpg,docs/review/walksafe_tactile3_damage_area_20260522/final_crops/043_damage_block_ok_area_missed_027_damage_block_ok_area_missed_aihub513_tactile_2_09_1_1_1_1_20210828_0000379443.jpg,3,1,1,2,0,1,1,1,0.001532,,False,"2:0.585893,0.349228,0.024663,0.102510;2:0.604391,0.494306,0.043161,0.066023;2:0.462063,0.538321,0.040078,0.038224","2:0.600968,0.505893,0.048944,0.103459:0.0752","2:0.585893,0.349228,0.024663,0.102510;2:0.462063,0.538321,0.040078,0.038224",,,,,accept_existing_labels|fix_tactile_damage_area_bbox|remove_false_damage_area_label|add_missing_tactile_damage_area|exclude_unclear
tactile3-da-final-044,44,val,02688_02815,tactile3-da-028,damage_block_ok_area_missed,27.0000,review_tactile_damage_area_label_or_negative,datasets/walksafe_kr_tactile_3class_20260521/images/val/aihub513_tactile_2_09_1_1_1_1_20210829_0000404326.jpg,datasets/walksafe_kr_tactile_3class_20260521/labels/val/aihub513_tactile_2_09_1_1_1_1_20210829_0000404326.txt,docs/review/walksafe_tactile3_damage_area_20260522/final_overlays/044_damage_block_ok_area_missed_028_damage_block_ok_area_missed_aihub513_tactile_2_09_1_1_1_1_20210829_0000404326.jpg,docs/review/walksafe_tactile3_damage_area_20260522/final_crops/044_damage_block_ok_area_missed_028_damage_block_ok_area_missed_aihub513_tactile_2_09_1_1_1_1_20210829_0000404326.jpg,3,1,1,2,0,1,1,1,0.001011,,False,"2:0.570612,0.409918,0.051059,0.043469;2:0.613210,0.502154,0.041825,0.024184;2:0.411967,0.590065,0.021034,0.107143","2:0.570287,0.410177,0.036227,0.039363:0.5198","2:0.613210,0.502154,0.041825,0.024184;2:0.411967,0.590065,0.021034,0.107143",,,,,accept_existing_labels|fix_tactile_damage_area_bbox|remove_false_damage_area_label|add_missing_tactile_damage_area|exclude_unclear
tactile3-da-final-045,45,val,02944_03071,tactile3-da-026,damage_block_ok_area_missed,27.0000,review_tactile_damage_area_label_or_negative,datasets/walksafe_kr_tactile_3class_20260521/images/val/aihub513_tactile_2_09_1_1_1_1_20211005_0000590961.jpg,datasets/walksafe_kr_tactile_3class_20260521/labels/val/aihub513_tactile_2_09_1_1_1_1_20211005_0000590961.txt,docs/review/walksafe_tactile3_damage_area_20260522/final_overlays/045_damage_block_ok_area_missed_026_damage_block_ok_area_missed_aihub513_tactile_2_09_1_1_1_1_20211005_0000590961.jpg,docs/review/walksafe_tactile3_damage_area_20260522/final_crops/045_damage_block_ok_area_missed_026_damage_block_ok_area_missed_aihub513_tactile_2_09_1_1_1_1_20211005_0000590961.jpg,3,1,1,2,0,1,1,1,0.000692,,False,"2:0.495322,0.417936,0.151554,0.026830;2:0.586342,0.569555,0.067915,0.010187;2:0.639305,0.289388,0.059850,0.011866","2:0.502260,0.417885,0.151643,0.032624:0.6984","2:0.586342,0.569555,0.067915,0.010187;2:0.639305,0.289388,0.059850,0.011866",,,,,accept_existing_labels|fix_tactile_damage_area_bbox|remove_false_damage_area_label|add_missing_tactile_damage_area|exclude_unclear
tactile3-da-final-046,46,val,02944_03071,tactile3-da-027,damage_block_ok_area_missed,27.0000,review_tactile_damage_area_label_or_negative,datasets/walksafe_kr_tactile_3class_20260521/images/val/aihub513_tactile_2_09_1_1_1_1_20211008_0000605887.jpg,datasets/walksafe_kr_tactile_3class_20260521/labels/val/aihub513_tactile_2_09_1_1_1_1_20211008_0000605887.txt,docs/review/walksafe_tactile3_damage_area_20260522/final_overlays/046_damage_block_ok_area_missed_027_damage_block_ok_area_missed_aihub513_tactile_2_09_1_1_1_1_20211008_0000605887.jpg,docs/review/walksafe_tactile3_damage_area_20260522/final_crops/046_damage_block_ok_area_missed_027_damage_block_ok_area_missed_aihub513_tactile_2_09_1_1_1_1_20211008_0000605887.jpg,3,1,1,2,0,1,1,1,0.001149,,False,"2:0.566832,0.492810,0.130516,0.029737;2:0.548385,0.168219,0.071784,0.016004;2:0.322042,0.896284,0.084211,0.013932","2:0.561237,0.496134,0.118215,0.027668:0.7085","2:0.548385,0.168219,0.071784,0.016004;2:0.322042,0.896284,0.084211,0.013932",,,,,accept_existing_labels|fix_tactile_damage_area_bbox|remove_false_damage_area_label|add_missing_tactile_damage_area|exclude_unclear
tactile3-da-final-047,47,val,02944_03071,tactile3-da-028,damage_block_ok_area_missed,27.0000,review_tactile_damage_area_label_or_negative,datasets/walksafe_kr_tactile_3class_20260521/images/val/aihub513_tactile_2_09_1_1_1_1_20211011_0000617257.jpg,datasets/walksafe_kr_tactile_3class_20260521/labels/val/aihub513_tactile_2_09_1_1_1_1_20211011_0000617257.txt,docs/review/walksafe_tactile3_damage_area_20260522/final_overlays/047_damage_block_ok_area_missed_028_damage_block_ok_area_missed_aihub513_tactile_2_09_1_1_1_1_20211011_0000617257.jpg,docs/review/walksafe_tactile3_damage_area_20260522/final_crops/047_damage_block_ok_area_missed_028_damage_block_ok_area_missed_aihub513_tactile_2_09_1_1_1_1_20211011_0000617257.jpg,3,1,1,2,0,1,1,1,0.004085,,False,"2:0.461000,0.305325,0.107385,0.040519;2:0.621969,0.776922,0.154203,0.026488;2:0.532366,0.590177,0.296194,0.019144","2:0.463498,0.310816,0.114629,0.057845:0.7768","2:0.621969,0.776922,0.154203,0.026488;2:0.532366,0.590177,0.296194,0.019144",,,,,accept_existing_labels|fix_tactile_damage_area_bbox|remove_false_damage_area_label|add_missing_tactile_damage_area|exclude_unclear
tactile3-da-final-048,48,val,02944_03071,tactile3-da-029,damage_block_ok_area_missed,27.0000,review_tactile_damage_area_label_or_negative,datasets/walksafe_kr_tactile_3class_20260521/images/val/aihub513_tactile_2_09_1_1_1_1_20211013_0000624370.jpg,datasets/walksafe_kr_tactile_3class_20260521/labels/val/aihub513_tactile_2_09_1_1_1_1_20211013_0000624370.txt,docs/review/walksafe_tactile3_damage_area_20260522/final_overlays/048_damage_block_ok_area_missed_029_damage_block_ok_area_missed_aihub513_tactile_2_09_1_1_1_1_20211013_0000624370.jpg,docs/review/walksafe_tactile3_damage_area_20260522/final_crops/048_damage_block_ok_area_missed_029_damage_block_ok_area_missed_aihub513_tactile_2_09_1_1_1_1_20211013_0000624370.jpg,2,0,0,2,0,1,1,1,0.001043,,False,"2:0.623929,0.401178,0.038798,0.072500;2:0.654790,0.607511,0.030101,0.034643",,"2:0.623929,0.401178,0.038798,0.072500;2:0.654790,0.607511,0.030101,0.034643",,,,,accept_existing_labels|fix_tactile_damage_area_bbox|remove_false_damage_area_label|add_missing_tactile_damage_area|exclude_unclear
tactile3-da-final-049,49,val,02944_03071,tactile3-da-030,damage_block_ok_area_missed,27.0000,review_tactile_damage_area_label_or_negative,datasets/walksafe_kr_tactile_3class_20260521/images/val/aihub513_tactile_2_09_1_1_1_1_20211019_0000686166.jpg,datasets/walksafe_kr_tactile_3class_20260521/labels/val/aihub513_tactile_2_09_1_1_1_1_20211019_0000686166.txt,docs/review/walksafe_tactile3_damage_area_20260522/final_overlays/049_damage_block_ok_area_missed_030_damage_block_ok_area_missed_aihub513_tactile_2_09_1_1_1_1_20211019_0000686166.jpg,docs/review/walksafe_tactile3_damage_area_20260522/final_crops/049_damage_block_ok_area_missed_030_damage_block_ok_area_missed_aihub513_tactile_2_09_1_1_1_1_20211019_0000686166.jpg,3,1,1,2,0,1,1,1,0.001414,,False,"2:0.471221,0.370467,0.136146,0.035219;2:0.461859,0.101641,0.097626,0.014479;2:0.540001,0.522321,0.231305,0.026786","2:0.469821,0.372318,0.140553,0.031937:0.6891","2:0.461859,0.101641,0.097626,0.014479;2:0.540001,0.522321,0.231305,0.026786",,,,,accept_existing_labels|fix_tactile_damage_area_bbox|remove_false_damage_area_label|add_missing_tactile_damage_area|exclude_unclear
tactile3-da-final-050,50,val,03072_03199,tactile3-da-025,damage_block_ok_area_missed,27.0000,review_tactile_damage_area_label_or_negative,datasets/walksafe_kr_tactile_3class_20260521/images/val/aihub513_tactile_2_09_1_1_1_1_20211025_0000816657.jpg,datasets/walksafe_kr_tactile_3class_20260521/labels/val/aihub513_tactile_2_09_1_1_1_1_20211025_0000816657.txt,docs/review/walksafe_tactile3_damage_area_20260522/final_overlays/050_damage_block_ok_area_missed_025_damage_block_ok_area_missed_aihub513_tactile_2_09_1_1_1_1_20211025_0000816657.jpg,docs/review/walksafe_tactile3_damage_area_20260522/final_crops/050_damage_block_ok_area_missed_025_damage_block_ok_area_missed_aihub513_tactile_2_09_1_1_1_1_20211025_0000816657.jpg,3,1,1,2,0,1,1,1,0.001275,,False,"2:0.511632,0.317692,0.258943,0.067288;2:0.543551,0.373099,0.031427,0.040580;2:0.480406,0.418587,0.038993,0.040580","2:0.508622,0.296492,0.256115,0.106546:0.8428","2:0.543551,0.373099,0.031427,0.040580;2:0.480406,0.418587,0.038993,0.040580",,,,,accept_existing_labels|fix_tactile_damage_area_bbox|remove_false_damage_area_label|add_missing_tactile_damage_area|exclude_unclear
tactile3-da-final-051,51,val,03072_03199,tactile3-da-026,damage_block_ok_area_missed,27.0000,review_tactile_damage_area_label_or_negative,datasets/walksafe_kr_tactile_3class_20260521/images/val/aihub513_tactile_2_09_1_1_1_1_20211025_0000816728.jpg,datasets/walksafe_kr_tactile_3class_20260521/labels/val/aihub513_tactile_2_09_1_1_1_1_20211025_0000816728.txt,docs/review/walksafe_tactile3_damage_area_20260522/final_overlays/051_damage_block_ok_area_missed_026_damage_block_ok_area_missed_aihub513_tactile_2_09_1_1_1_1_20211025_0000816728.jpg,docs/review/walksafe_tactile3_damage_area_20260522/final_crops/051_damage_block_ok_area_missed_026_damage_block_ok_area_missed_aihub513_tactile_2_09_1_1_1_1_20211025_0000816728.jpg,2,0,0,2,0,1,1,1,0.005985,,False,"2:0.537266,0.390446,0.226925,0.026376;2:0.556999,0.463097,0.205149,0.127905",,"2:0.537266,0.390446,0.226925,0.026376;2:0.556999,0.463097,0.205149,0.127905",,,,,accept_existing_labels|fix_tactile_damage_area_bbox|remove_false_damage_area_label|add_missing_tactile_damage_area|exclude_unclear
tactile3-da-final-052,52,val,03200_03327,tactile3-da-026,damage_block_ok_area_missed,27.0000,review_tactile_damage_area_label_or_negative,datasets/walksafe_kr_tactile_3class_20260521/images/val/aihub513_tactile_2_09_1_1_1_2_20210726_0000207482.jpg,datasets/walksafe_kr_tactile_3class_20260521/labels/val/aihub513_tactile_2_09_1_1_1_2_20210726_0000207482.txt,docs/review/walksafe_tactile3_damage_area_20260522/final_overlays/052_damage_block_ok_area_missed_026_damage_block_ok_area_missed_aihub513_tactile_2_09_1_1_1_2_20210726_0000207482.jpg,docs/review/walksafe_tactile3_damage_area_20260522/final_crops/052_damage_block_ok_area_missed_026_damage_block_ok_area_missed_aihub513_tactile_2_09_1_1_1_2_20210726_0000207482.jpg,3,1,1,2,0,1,1,1,0.000177,,False,"2:0.542146,0.507221,0.101672,0.092250;2:0.555934,0.294886,0.020767,0.016351;2:0.545791,0.157359,0.013083,0.013518","2:0.541510,0.508726,0.102263,0.090562:0.3887","2:0.555934,0.294886,0.020767,0.016351;2:0.545791,0.157359,0.013083,0.013518",,,,,accept_existing_labels|fix_tactile_damage_area_bbox|remove_false_damage_area_label|add_missing_tactile_damage_area|exclude_unclear
tactile3-da-final-053,53,val,03200_03327,tactile3-da-027,damage_block_ok_area_missed,27.0000,review_tactile_damage_area_label_or_negative,datasets/walksafe_kr_tactile_3class_20260521/images/val/aihub513_tactile_2_09_1_1_1_2_20210728_0000017992.jpg,datasets/walksafe_kr_tactile_3class_20260521/labels/val/aihub513_tactile_2_09_1_1_1_2_20210728_0000017992.txt,docs/review/walksafe_tactile3_damage_area_20260522/final_overlays/053_damage_block_ok_area_missed_027_damage_block_ok_area_missed_aihub513_tactile_2_09_1_1_1_2_20210728_0000017992.jpg,docs/review/walksafe_tactile3_damage_area_20260522/final_crops/053_damage_block_ok_area_missed_027_damage_block_ok_area_missed_aihub513_tactile_2_09_1_1_1_2_20210728_0000017992.jpg,3,1,1,2,0,1,1,1,0.002026,,False,"2:0.523084,0.448254,0.223256,0.125714;2:0.493416,0.859206,0.062579,0.032381;2:0.502584,0.169604,0.095137,0.069048","2:0.526725,0.448390,0.217951,0.124745:0.9003","2:0.493416,0.859206,0.062579,0.032381;2:0.502584,0.169604,0.095137,0.069048",,,,,accept_existing_labels|fix_tactile_damage_area_bbox|remove_false_damage_area_label|add_missing_tactile_damage_area|exclude_unclear
tactile3-da-final-054,54,val,03328_03455,tactile3-da-025,damage_block_ok_area_missed,27.0000,review_tactile_damage_area_label_or_negative,datasets/walksafe_kr_tactile_3class_20260521/images/val/aihub513_tactile_2_09_1_1_1_2_20210728_0000223324.jpg,datasets/walksafe_kr_tactile_3class_20260521/labels/val/aihub513_tactile_2_09_1_1_1_2_20210728_0000223324.txt,docs/review/walksafe_tactile3_damage_area_20260522/final_overlays/054_damage_block_ok_area_missed_025_damage_block_ok_area_missed_aihub513_tactile_2_09_1_1_1_2_20210728_0000223324.jpg,docs/review/walksafe_tactile3_damage_area_20260522/final_crops/054_damage_block_ok_area_missed_025_damage_block_ok_area_missed_aihub513_tactile_2_09_1_1_1_2_20210728_0000223324.jpg,3,1,1,2,0,1,1,1,0.002291,,False,"2:0.498081,0.473890,0.302544,0.042424;2:0.508749,0.557768,0.114952,0.019934;2:0.513157,0.140195,0.196726,0.013760","2:0.504720,0.475400,0.297999,0.044846:0.6597","2:0.508749,0.557768,0.114952,0.019934;2:0.513157,0.140195,0.196726,0.013760",,,,,accept_existing_labels|fix_tactile_damage_area_bbox|remove_false_damage_area_label|add_missing_tactile_damage_area|exclude_unclear
tactile3-da-final-055,55,val,03456_03583,tactile3-da-025,damage_block_ok_area_missed,27.0000,review_tactile_damage_area_label_or_negative,datasets/walksafe_kr_tactile_3class_20260521/images/val/aihub513_tactile_2_09_1_1_1_2_20210818_0000273825.jpg,datasets/walksafe_kr_tactile_3class_20260521/labels/val/aihub513_tactile_2_09_1_1_1_2_20210818_0000273825.txt,docs/review/walksafe_tactile3_damage_area_20260522/final_overlays/055_damage_block_ok_area_missed_025_damage_block_ok_area_missed_aihub513_tactile_2_09_1_1_1_2_20210818_0000273825.jpg,docs/review/walksafe_tactile3_damage_area_20260522/final_crops/055_damage_block_ok_area_missed_025_damage_block_ok_area_missed_aihub513_tactile_2_09_1_1_1_2_20210818_0000273825.jpg,3,1,1,2,0,1,1,1,0.001457,,False,"2:0.471407,0.500714,0.039544,0.036857;2:0.402966,0.397429,0.039544,0.046286;2:0.471407,0.415000,0.042585,0.064286","2:0.472702,0.502269,0.031610,0.031245:0.1232","2:0.402966,0.397429,0.039544,0.046286;2:0.471407,0.415000,0.042585,0.064286",,,,,accept_existing_labels|fix_tactile_damage_area_bbox|remove_false_damage_area_label|add_missing_tactile_damage_area|exclude_unclear
tactile3-da-final-056,56,val,03456_03583,tactile3-da-026,damage_block_ok_area_missed,27.0000,review_tactile_damage_area_label_or_negative,datasets/walksafe_kr_tactile_3class_20260521/images/val/aihub513_tactile_2_09_1_1_1_2_20210826_0000376876.jpg,datasets/walksafe_kr_tactile_3class_20260521/labels/val/aihub513_tactile_2_09_1_1_1_2_20210826_0000376876.txt,docs/review/walksafe_tactile3_damage_area_20260522/final_overlays/056_damage_block_ok_area_missed_026_damage_block_ok_area_missed_aihub513_tactile_2_09_1_1_1_2_20210826_0000376876.jpg,docs/review/walksafe_tactile3_damage_area_20260522/final_crops/056_damage_block_ok_area_missed_026_damage_block_ok_area_missed_aihub513_tactile_2_09_1_1_1_2_20210826_0000376876.jpg,3,1,1,2,0,1,1,1,0.001827,,False,"2:0.440717,0.352857,0.110266,0.120000;2:0.457022,0.609396,0.059991,0.033810;2:0.670506,0.865967,0.041995,0.043497","2:0.446189,0.353525,0.097431,0.113311:0.9378","2:0.457022,0.609396,0.059991,0.033810;2:0.670506,0.865967,0.041995,0.043497",,,,,accept_existing_labels|fix_tactile_damage_area_bbox|remove_false_damage_area_label|add_missing_tactile_damage_area|exclude_unclear
tactile3-da-final-057,57,val,03712_03839,tactile3-da-025,damage_block_ok_area_missed,27.0000,review_tactile_damage_area_label_or_negative,datasets/walksafe_kr_tactile_3class_20260521/images/val/aihub513_tactile_2_09_1_1_1_2_20211003_0000605963.jpg,datasets/walksafe_kr_tactile_3class_20260521/labels/val/aihub513_tactile_2_09_1_1_1_2_20211003_0000605963.txt,docs/review/walksafe_tactile3_damage_area_20260522/final_overlays/057_damage_block_ok_area_missed_025_damage_block_ok_area_missed_aihub513_tactile_2_09_1_1_1_2_20211003_0000605963.jpg,docs/review/walksafe_tactile3_damage_area_20260522/final_crops/057_damage_block_ok_area_missed_025_damage_block_ok_area_missed_aihub513_tactile_2_09_1_1_1_2_20211003_0000605963.jpg,2,0,0,2,0,1,1,1,0.000506,,False,"2:0.604912,0.417388,0.059698,0.012809;2:0.527004,0.076424,0.036730,0.013774",,"2:0.604912,0.417388,0.059698,0.012809;2:0.527004,0.076424,0.036730,0.013774",,,,,accept_existing_labels|fix_tactile_damage_area_bbox|remove_false_damage_area_label|add_missing_tactile_damage_area|exclude_unclear
tactile3-da-final-058,58,val,03712_03839,tactile3-da-026,damage_block_ok_area_missed,27.0000,review_tactile_damage_area_label_or_negative,datasets/walksafe_kr_tactile_3class_20260521/images/val/aihub513_tactile_2_09_1_1_1_2_20211009_0000620415.jpg,datasets/walksafe_kr_tactile_3class_20260521/labels/val/aihub513_tactile_2_09_1_1_1_2_20211009_0000620415.txt,docs/review/walksafe_tactile3_damage_area_20260522/final_overlays/058_damage_block_ok_area_missed_026_damage_block_ok_area_missed_aihub513_tactile_2_09_1_1_1_2_20211009_0000620415.jpg,docs/review/walksafe_tactile3_damage_area_20260522/final_crops/058_damage_block_ok_area_missed_026_damage_block_ok_area_missed_aihub513_tactile_2_09_1_1_1_2_20211009_0000620415.jpg,3,1,1,2,0,1,1,1,0.000279,,False,"2:0.559747,0.439545,0.033516,0.128321;2:0.521968,0.080026,0.013942,0.020000;2:0.461923,0.136520,0.022053,0.066143","2:0.563361,0.440101,0.046709,0.129669:0.7011","2:0.521968,0.080026,0.013942,0.020000;2:0.461923,0.136520,0.022053,0.066143",,,,,accept_existing_labels|fix_tactile_damage_area_bbox|remove_false_damage_area_label|add_missing_tactile_damage_area|exclude_unclear
tactile3-da-final-059,59,val,03712_03839,tactile3-da-027,damage_block_ok_area_missed,27.0000,review_tactile_damage_area_label_or_negative,datasets/walksafe_kr_tactile_3class_20260521/images/val/aihub513_tactile_2_09_1_1_1_2_20211018_0000706941.jpg,datasets/walksafe_kr_tactile_3class_20260521/labels/val/aihub513_tactile_2_09_1_1_1_2_20211018_0000706941.txt,docs/review/walksafe_tactile3_damage_area_20260522/final_overlays/059_damage_block_ok_area_missed_027_damage_block_ok_area_missed_aihub513_tactile_2_09_1_1_1_2_20211018_0000706941.jpg,docs/review/walksafe_tactile3_damage_area_20260522/final_crops/059_damage_block_ok_area_missed_027_damage_block_ok_area_missed_aihub513_tactile_2_09_1_1_1_2_20211018_0000706941.jpg,3,1,1,2,0,1,1,1,0.000817,,False,"2:0.534144,0.502836,0.273053,0.050140;2:0.466587,0.251031,0.094545,0.011818;2:0.540124,0.655646,0.035393,0.023072","2:0.535298,0.501431,0.275568,0.043016:0.8656","2:0.466587,0.251031,0.094545,0.011818;2:0.540124,0.655646,0.035393,0.023072",,,,,accept_existing_labels|fix_tactile_damage_area_bbox|remove_false_damage_area_label|add_missing_tactile_damage_area|exclude_unclear
tactile3-da-final-060,60,val,03840_03967,tactile3-da-027,damage_block_ok_area_missed,27.0000,review_tactile_damage_area_label_or_negative,datasets/walksafe_kr_tactile_3class_20260521/images/val/aihub513_tactile_2_09_1_1_1_3_20210811_0000165494.jpg,datasets/walksafe_kr_tactile_3class_20260521/labels/val/aihub513_tactile_2_09_1_1_1_3_20210811_0000165494.txt,docs/review/walksafe_tactile3_damage_area_20260522/final_overlays/060_damage_block_ok_area_missed_027_damage_block_ok_area_missed_aihub513_tactile_2_09_1_1_1_3_20210811_0000165494.jpg,docs/review/walksafe_tactile3_damage_area_20260522/final_crops/060_damage_block_ok_area_missed_027_damage_block_ok_area_missed_aihub513_tactile_2_09_1_1_1_3_20210811_0000165494.jpg,3,1,1,2,0,1,1,1,0.002849,,False,"2:0.555345,0.385510,0.150642,0.101224;2:0.398113,0.971462,0.053769,0.053680;2:0.275980,0.971895,0.052233,0.054545","2:0.554267,0.385395,0.155102,0.103356:0.8885","2:0.398113,0.971462,0.053769,0.053680;2:0.275980,0.971895,0.052233,0.054545",,,,,accept_existing_labels|fix_tactile_damage_area_bbox|remove_false_damage_area_label|add_missing_tactile_damage_area|exclude_unclear
tactile3-da-final-061,61,val,02432_02559,tactile3-da-031,false_negative_damage_area,35.0000,review_tactile_damage_area_label_or_negative,datasets/walksafe_kr_tactile_3class_20260521/images/val/aihub513_tactile_2_09_1_1_1_1_20210726_0000094400.jpg,datasets/walksafe_kr_tactile_3class_20260521/labels/val/aihub513_tactile_2_09_1_1_1_1_20210726_0000094400.txt,docs/review/walksafe_tactile3_damage_area_20260522/final_overlays/061_false_negative_damage_area_031_false_negative_damage_area_aihub513_tactile_2_09_1_1_1_1_20210726_0000094400.jpg,docs/review/walksafe_tactile3_damage_area_20260522/final_crops/061_false_negative_damage_area_031_false_negative_damage_area_aihub513_tactile_2_09_1_1_1_1_20210726_0000094400.jpg,3,0,0,3,0,1,0,0,0.000243,,False,"2:0.455520,0.142348,0.030418,0.009310;2:0.463487,0.315584,0.028390,0.008559;2:0.486301,0.340597,0.029404,0.009891",,"2:0.455520,0.142348,0.030418,0.009310;2:0.463487,0.315584,0.028390,0.008559;2:0.486301,0.340597,0.029404,0.009891",,,,,accept_existing_labels|fix_tactile_damage_area_bbox|remove_false_damage_area_label|add_missing_tactile_damage_area|exclude_unclear
tactile3-da-final-062,62,val,02816_02943,tactile3-da-027,false_negative_damage_area,35.0000,review_tactile_damage_area_label_or_negative,datasets/walksafe_kr_tactile_3class_20260521/images/val/aihub513_tactile_2_09_1_1_1_1_20210925_0000542121.jpg,datasets/walksafe_kr_tactile_3class_20260521/labels/val/aihub513_tactile_2_09_1_1_1_1_20210925_0000542121.txt,docs/review/walksafe_tactile3_damage_area_20260522/final_overlays/062_false_negative_damage_area_027_false_negative_damage_area_aihub513_tactile_2_09_1_1_1_1_20210925_0000542121.jpg,docs/review/walksafe_tactile3_damage_area_20260522/final_crops/062_false_negative_damage_area_027_false_negative_damage_area_aihub513_tactile_2_09_1_1_1_1_20210925_0000542121.jpg,3,0,0,3,0,1,0,0,0.000130,,False,"2:0.449016,0.207973,0.015222,0.015893;2:0.602508,0.228369,0.013531,0.010777;2:0.609837,0.303487,0.015786,0.008241",,"2:0.449016,0.207973,0.015222,0.015893;2:0.602508,0.228369,0.013531,0.010777;2:0.609837,0.303487,0.015786,0.008241",,,,,accept_existing_labels|fix_tactile_damage_area_bbox|remove_false_damage_area_label|add_missing_tactile_damage_area|exclude_unclear
tactile3-da-final-063,63,val,03072_03199,tactile3-da-030,false_negative_damage_area,35.0000,review_tactile_damage_area_label_or_negative,datasets/walksafe_kr_tactile_3class_20260521/images/val/aihub513_tactile_2_09_1_1_1_2_20210722_0000038837.jpg,datasets/walksafe_kr_tactile_3class_20260521/labels/val/aihub513_tactile_2_09_1_1_1_2_20210722_0000038837.txt,docs/review/walksafe_tactile3_damage_area_20260522/final_overlays/063_false_negative_damage_area_030_false_negative_damage_area_aihub513_tactile_2_09_1_1_1_2_20210722_0000038837.jpg,docs/review/walksafe_tactile3_damage_area_20260522/final_crops/063_false_negative_damage_area_030_false_negative_damage_area_aihub513_tactile_2_09_1_1_1_2_20210722_0000038837.jpg,3,0,0,3,0,1,0,0,0.004155,,False,"2:0.654253,0.660762,0.044613,0.093143;2:0.527896,0.383333,0.096324,0.098286;2:0.530410,0.213048,0.093282,0.072000",,"2:0.654253,0.660762,0.044613,0.093143;2:0.527896,0.383333,0.096324,0.098286;2:0.530410,0.213048,0.093282,0.072000",,,,,accept_existing_labels|fix_tactile_damage_area_bbox|remove_false_damage_area_label|add_missing_tactile_damage_area|exclude_unclear
tactile3-da-final-064,64,val,03200_03327,tactile3-da-031,false_negative_damage_area,35.0000,review_tactile_damage_area_label_or_negative,datasets/walksafe_kr_tactile_3class_20260521/images/val/aihub513_tactile_2_09_1_1_1_2_20210726_0000100183.jpg,datasets/walksafe_kr_tactile_3class_20260521/labels/val/aihub513_tactile_2_09_1_1_1_2_20210726_0000100183.txt,docs/review/walksafe_tactile3_damage_area_20260522/final_overlays/064_false_negative_damage_area_031_false_negative_damage_area_aihub513_tactile_2_09_1_1_1_2_20210726_0000100183.jpg,docs/review/walksafe_tactile3_damage_area_20260522/final_crops/064_false_negative_damage_area_031_false_negative_damage_area_aihub513_tactile_2_09_1_1_1_2_20210726_0000100183.jpg,3,0,0,3,0,1,0,0,0.000473,,False,"2:0.516754,0.477565,0.200583,0.151553;2:0.524993,0.279213,0.095499,0.009302;2:0.512224,0.212231,0.067921,0.006960",,"2:0.516754,0.477565,0.200583,0.151553;2:0.524993,0.279213,0.095499,0.009302;2:0.512224,0.212231,0.067921,0.006960",,,,,accept_existing_labels|fix_tactile_damage_area_bbox|remove_false_damage_area_label|add_missing_tactile_damage_area|exclude_unclear
tactile3-da-final-065,65,val,03328_03455,tactile3-da-030,false_negative_damage_area,35.0000,review_tactile_damage_area_label_or_negative,datasets/walksafe_kr_tactile_3class_20260521/images/val/aihub513_tactile_2_09_1_1_1_2_20210811_0000177021.jpg,datasets/walksafe_kr_tactile_3class_20260521/labels/val/aihub513_tactile_2_09_1_1_1_2_20210811_0000177021.txt,docs/review/walksafe_tactile3_damage_area_20260522/final_overlays/065_false_negative_damage_area_030_false_negative_damage_area_aihub513_tactile_2_09_1_1_1_2_20210811_0000177021.jpg,docs/review/walksafe_tactile3_damage_area_20260522/final_crops/065_false_negative_damage_area_030_false_negative_damage_area_aihub513_tactile_2_09_1_1_1_2_20210811_0000177021.jpg,3,0,0,3,0,1,0,0,0.000214,,False,"2:0.447705,0.520366,0.094853,0.101060;2:0.394139,0.839203,0.013391,0.016006;2:0.427459,0.064685,0.012186,0.076685",,"2:0.447705,0.520366,0.094853,0.101060;2:0.394139,0.839203,0.013391,0.016006;2:0.427459,0.064685,0.012186,0.076685",,,,,accept_existing_labels|fix_tactile_damage_area_bbox|remove_false_damage_area_label|add_missing_tactile_damage_area|exclude_unclear
tactile3-da-final-066,66,val,03840_03967,tactile3-da-030,false_negative_damage_area,35.0000,review_tactile_damage_area_label_or_negative,datasets/walksafe_kr_tactile_3class_20260521/images/val/aihub513_tactile_2_09_1_1_2_1_20210724_0000092383.jpg,datasets/walksafe_kr_tactile_3class_20260521/labels/val/aihub513_tactile_2_09_1_1_2_1_20210724_0000092383.txt,docs/review/walksafe_tactile3_damage_area_20260522/final_overlays/066_false_negative_damage_area_030_false_negative_damage_area_aihub513_tactile_2_09_1_1_2_1_20210724_0000092383.jpg,docs/review/walksafe_tactile3_damage_area_20260522/final_crops/066_false_negative_damage_area_030_false_negative_damage_area_aihub513_tactile_2_09_1_1_2_1_20210724_0000092383.jpg,3,0,0,3,0,1,0,0,0.000291,,False,"2:0.464986,0.192023,0.027907,0.012480;2:0.404908,0.575691,0.029983,0.019882;2:0.474112,0.667058,0.019470,0.014926",,"2:0.464986,0.192023,0.027907,0.012480;2:0.404908,0.575691,0.029983,0.019882;2:0.474112,0.667058,0.019470,0.014926",,,,,accept_existing_labels|fix_tactile_damage_area_bbox|remove_false_damage_area_label|add_missing_tactile_damage_area|exclude_unclear
tactile3-da-final-067,67,val,03968_04095,tactile3-da-039,false_negative_damage_area,35.0000,review_tactile_damage_area_label_or_negative,datasets/walksafe_kr_tactile_3class_20260521/images/val/aihub513_tactile_2_09_1_1_4_1_20210721_0000024031.jpg,datasets/walksafe_kr_tactile_3class_20260521/labels/val/aihub513_tactile_2_09_1_1_4_1_20210721_0000024031.txt,docs/review/walksafe_tactile3_damage_area_20260522/final_overlays/067_false_negative_damage_area_039_false_negative_damage_area_aihub513_tactile_2_09_1_1_4_1_20210721_0000024031.jpg,docs/review/walksafe_tactile3_damage_area_20260522/final_crops/067_false_negative_damage_area_039_false_negative_damage_area_aihub513_tactile_2_09_1_1_4_1_20210721_0000024031.jpg,3,0,0,3,0,1,0,0,0.000139,,False,"2:0.470967,0.729660,0.032624,0.021391;2:0.512959,0.307876,0.037502,0.014261;2:0.483553,0.340352,0.018751,0.007416",,"2:0.470967,0.729660,0.032624,0.021391;2:0.512959,0.307876,0.037502,0.014261;2:0.483553,0.340352,0.018751,0.007416",,,,,accept_existing_labels|fix_tactile_damage_area_bbox|remove_false_damage_area_label|add_missing_tactile_damage_area|exclude_unclear
tactile3-da-final-068,68,val,04096_04223,tactile3-da-032,false_negative_damage_area,35.0000,review_tactile_damage_area_label_or_negative,datasets/walksafe_kr_tactile_3class_20260521/images/val/aihub513_tactile_2_09_1_1_4_1_20210917_0000516389.jpg,datasets/walksafe_kr_tactile_3class_20260521/labels/val/aihub513_tactile_2_09_1_1_4_1_20210917_0000516389.txt,docs/review/walksafe_tactile3_damage_area_20260522/final_overlays/068_false_negative_damage_area_032_false_negative_damage_area_aihub513_tactile_2_09_1_1_4_1_20210917_0000516389.jpg,docs/review/walksafe_tactile3_damage_area_20260522/final_crops/068_false_negative_damage_area_032_false_negative_damage_area_aihub513_tactile_2_09_1_1_4_1_20210917_0000516389.jpg,3,0,0,3,0,1,0,0,0.000336,,False,"2:0.555188,0.589995,0.017357,0.019358;2:0.518305,0.622597,0.028205,0.018135;2:0.361651,0.583559,0.036069,0.032093",,"2:0.555188,0.589995,0.017357,0.019358;2:0.518305,0.622597,0.028205,0.018135;2:0.361651,0.583559,0.036069,0.032093",,,,,accept_existing_labels|fix_tactile_damage_area_bbox|remove_false_damage_area_label|add_missing_tactile_damage_area|exclude_unclear
tactile3-da-final-069,69,val,04096_04223,tactile3-da-033,false_negative_damage_area,35.0000,review_tactile_damage_area_label_or_negative,datasets/walksafe_kr_tactile_3class_20260521/images/val/aihub513_tactile_2_09_1_1_4_1_20210929_0000568949.jpg,datasets/walksafe_kr_tactile_3class_20260521/labels/val/aihub513_tactile_2_09_1_1_4_1_20210929_0000568949.txt,docs/review/walksafe_tactile3_damage_area_20260522/final_overlays/069_false_negative_damage_area_033_false_negative_damage_area_aihub513_tactile_2_09_1_1_4_1_20210929_0000568949.jpg,docs/review/walksafe_tactile3_damage_area_20260522/final_crops/069_false_negative_damage_area_033_false_negative_damage_area_aihub513_tactile_2_09_1_1_4_1_20210929_0000568949.jpg,3,0,0,3,0,1,0,0,0.001589,,False,"2:0.365428,0.599598,0.042692,0.037218;2:0.582756,0.654625,0.094481,0.030303;2:0.386318,0.845654,0.119405,0.054511",,"2:0.365428,0.599598,0.042692,0.037218;2:0.582756,0.654625,0.094481,0.030303;2:0.386318,0.845654,0.119405,0.054511",,,,,accept_existing_labels|fix_tactile_damage_area_bbox|remove_false_damage_area_label|add_missing_tactile_damage_area|exclude_unclear
tactile3-da-final-070,70,val,02944_03071,tactile3-da-039,false_negative_damage_area,25.0000,review_tactile_damage_area_label_or_negative,datasets/walksafe_kr_tactile_3class_20260521/images/val/aihub513_tactile_2_09_1_1_1_1_20211001_0000600345.jpg,datasets/walksafe_kr_tactile_3class_20260521/labels/val/aihub513_tactile_2_09_1_1_1_1_20211001_0000600345.txt,docs/review/walksafe_tactile3_damage_area_20260522/final_overlays/070_false_negative_damage_area_039_false_negative_damage_area_aihub513_tactile_2_09_1_1_1_1_20211001_0000600345.jpg,docs/review/walksafe_tactile3_damage_area_20260522/final_crops/070_false_negative_damage_area_039_false_negative_damage_area_aihub513_tactile_2_09_1_1_1_1_20211001_0000600345.jpg,2,0,0,2,0,1,0,0,0.002384,,False,"2:0.447488,0.726429,0.120828,0.048095;2:0.419724,0.215801,0.051465,0.046320",,"2:0.447488,0.726429,0.120828,0.048095;2:0.419724,0.215801,0.051465,0.046320",,,,,accept_existing_labels|fix_tactile_damage_area_bbox|remove_false_damage_area_label|add_missing_tactile_damage_area|exclude_unclear
tactile3-da-final-071,71,val,02944_03071,tactile3-da-040,false_negative_damage_area,25.0000,review_tactile_damage_area_label_or_negative,datasets/walksafe_kr_tactile_3class_20260521/images/val/aihub513_tactile_2_09_1_1_1_1_20211006_0000713559.jpg,datasets/walksafe_kr_tactile_3class_20260521/labels/val/aihub513_tactile_2_09_1_1_1_1_20211006_0000713559.txt,docs/review/walksafe_tactile3_damage_area_20260522/final_overlays/071_false_negative_damage_area_040_false_negative_damage_area_aihub513_tactile_2_09_1_1_1_1_20211006_0000713559.jpg,docs/review/walksafe_tactile3_damage_area_20260522/final_crops/071_false_negative_damage_area_040_false_negative_damage_area_aihub513_tactile_2_09_1_1_1_1_20211006_0000713559.jpg,2,0,0,2,0,1,0,0,0.000644,,False,"2:0.586367,0.707325,0.050529,0.017661;2:0.449273,0.188884,0.037263,0.017280",,"2:0.586367,0.707325,0.050529,0.017661;2:0.449273,0.188884,0.037263,0.017280",,,,,accept_existing_labels|fix_tactile_damage_area_bbox|remove_false_damage_area_label|add_missing_tactile_damage_area|exclude_unclear
tactile3-da-final-072,72,val,02944_03071,tactile3-da-041,false_negative_damage_area,25.0000,review_tactile_damage_area_label_or_negative,datasets/walksafe_kr_tactile_3class_20260521/images/val/aihub513_tactile_2_09_1_1_1_1_20211009_0000615002.jpg,datasets/walksafe_kr_tactile_3class_20260521/labels/val/aihub513_tactile_2_09_1_1_1_1_20211009_0000615002.txt,docs/review/walksafe_tactile3_damage_area_20260522/final_overlays/072_false_negative_damage_area_041_false_negative_damage_area_aihub513_tactile_2_09_1_1_1_1_20211009_0000615002.jpg,docs/review/walksafe_tactile3_damage_area_20260522/final_crops/072_false_negative_damage_area_041_false_negative_damage_area_aihub513_tactile_2_09_1_1_1_1_20211009_0000615002.jpg,2,0,0,2,0,1,0,0,0.003022,,False,"2:0.397723,0.581573,0.135004,0.027507;2:0.316973,0.823918,0.029259,0.103299",,"2:0.397723,0.581573,0.135004,0.027507;2:0.316973,0.823918,0.029259,0.103299",,,,,accept_existing_labels|fix_tactile_damage_area_bbox|remove_false_damage_area_label|add_missing_tactile_damage_area|exclude_unclear
tactile3-da-final-073,73,val,02944_03071,tactile3-da-042,false_negative_damage_area,25.0000,review_tactile_damage_area_label_or_negative,datasets/walksafe_kr_tactile_3class_20260521/images/val/aihub513_tactile_2_09_1_1_1_1_20211019_0000657880.jpg,datasets/walksafe_kr_tactile_3class_20260521/labels/val/aihub513_tactile_2_09_1_1_1_1_20211019_0000657880.txt,docs/review/walksafe_tactile3_damage_area_20260522/final_overlays/073_false_negative_damage_area_042_false_negative_damage_area_aihub513_tactile_2_09_1_1_1_1_20211019_0000657880.jpg,docs/review/walksafe_tactile3_damage_area_20260522/final_crops/073_false_negative_damage_area_042_false_negative_damage_area_aihub513_tactile_2_09_1_1_1_1_20211019_0000657880.jpg,2,0,0,2,0,1,0,0,0.000389,,False,"2:0.312907,0.774437,0.020609,0.068309;2:0.629047,0.537129,0.027540,0.014141",,"2:0.312907,0.774437,0.020609,0.068309;2:0.629047,0.537129,0.027540,0.014141",,,,,accept_existing_labels|fix_tactile_damage_area_bbox|remove_false_damage_area_label|add_missing_tactile_damage_area|exclude_unclear
tactile3-da-final-074,74,val,03200_03327,tactile3-da-032,false_negative_damage_area,25.0000,review_tactile_damage_area_label_or_negative,datasets/walksafe_kr_tactile_3class_20260521/images/val/aihub513_tactile_2_09_1_1_1_2_20210726_0000015218.jpg,datasets/walksafe_kr_tactile_3class_20260521/labels/val/aihub513_tactile_2_09_1_1_1_2_20210726_0000015218.txt,docs/review/walksafe_tactile3_damage_area_20260522/final_overlays/074_false_negative_damage_area_032_false_negative_damage_area_aihub513_tactile_2_09_1_1_1_2_20210726_0000015218.jpg,docs/review/walksafe_tactile3_damage_area_20260522/final_crops/074_false_negative_damage_area_032_false_negative_damage_area_aihub513_tactile_2_09_1_1_1_2_20210726_0000015218.jpg,2,0,0,2,0,1,0,0,0.009923,,False,"2:0.548045,0.298714,0.429043,0.198571;2:0.516311,0.460857,0.192942,0.051429",,"2:0.548045,0.298714,0.429043,0.198571;2:0.516311,0.460857,0.192942,0.051429",,,,,accept_existing_labels|fix_tactile_damage_area_bbox|remove_false_damage_area_label|add_missing_tactile_damage_area|exclude_unclear
tactile3-da-final-075,75,val,03584_03711,tactile3-da-027,false_negative_damage_area,25.0000,review_tactile_damage_area_label_or_negative,datasets/walksafe_kr_tactile_3class_20260521/images/val/aihub513_tactile_2_09_1_1_1_2_20210926_0000545323.jpg,datasets/walksafe_kr_tactile_3class_20260521/labels/val/aihub513_tactile_2_09_1_1_1_2_20210926_0000545323.txt,docs/review/walksafe_tactile3_damage_area_20260522/final_overlays/075_false_negative_damage_area_027_false_negative_damage_area_aihub513_tactile_2_09_1_1_1_2_20210926_0000545323.jpg,docs/review/walksafe_tactile3_damage_area_20260522/final_crops/075_false_negative_damage_area_027_false_negative_damage_area_aihub513_tactile_2_09_1_1_1_2_20210926_0000545323.jpg,2,0,0,2,0,1,0,0,0.000388,,False,"2:0.428172,0.389681,0.048528,0.027315;2:0.390687,0.366290,0.016201,0.023964",,"2:0.428172,0.389681,0.048528,0.027315;2:0.390687,0.366290,0.016201,0.023964",,,,,accept_existing_labels|fix_tactile_damage_area_bbox|remove_false_damage_area_label|add_missing_tactile_damage_area|exclude_unclear
tactile3-da-final-076,76,val,03712_03839,tactile3-da-031,false_negative_damage_area,25.0000,review_tactile_damage_area_label_or_negative,datasets/walksafe_kr_tactile_3class_20260521/images/val/aihub513_tactile_2_09_1_1_1_2_20210926_0000545329.jpg,datasets/walksafe_kr_tactile_3class_20260521/labels/val/aihub513_tactile_2_09_1_1_1_2_20210926_0000545329.txt,docs/review/walksafe_tactile3_damage_area_20260522/final_overlays/076_false_negative_damage_area_031_false_negative_damage_area_aihub513_tactile_2_09_1_1_1_2_20210926_0000545329.jpg,docs/review/walksafe_tactile3_damage_area_20260522/final_crops/076_false_negative_damage_area_031_false_negative_damage_area_aihub513_tactile_2_09_1_1_1_2_20210926_0000545329.jpg,2,0,0,2,0,1,0,0,0.001108,,False,"2:0.460103,0.383435,0.056554,0.032092;2:0.408628,0.414841,0.044397,0.024960",,"2:0.460103,0.383435,0.056554,0.032092;2:0.408628,0.414841,0.044397,0.024960",,,,,accept_existing_labels|fix_tactile_damage_area_bbox|remove_false_damage_area_label|add_missing_tactile_damage_area|exclude_unclear
tactile3-da-final-077,77,val,04096_04223,tactile3-da-034,false_negative_damage_area,25.0000,review_tactile_damage_area_label_or_negative,datasets/walksafe_kr_tactile_3class_20260521/images/val/aihub513_tactile_2_09_1_1_4_1_20210909_0000474955.jpg,datasets/walksafe_kr_tactile_3class_20260521/labels/val/aihub513_tactile_2_09_1_1_4_1_20210909_0000474955.txt,docs/review/walksafe_tactile3_damage_area_20260522/final_overlays/077_false_negative_damage_area_034_false_negative_damage_area_aihub513_tactile_2_09_1_1_4_1_20210909_0000474955.jpg,docs/review/walksafe_tactile3_damage_area_20260522/final_crops/077_false_negative_damage_area_034_false_negative_damage_area_aihub513_tactile_2_09_1_1_4_1_20210909_0000474955.jpg,2,0,0,2,0,1,0,0,0.000465,,False,"2:0.529412,0.434902,0.034672,0.016165;2:0.554915,0.530612,0.022551,0.020602",,"2:0.529412,0.434902,0.034672,0.016165;2:0.554915,0.530612,0.022551,0.020602",,,,,accept_existing_labels|fix_tactile_damage_area_bbox|remove_false_damage_area_label|add_missing_tactile_damage_area|exclude_unclear
tactile3-da-final-078,78,val,04096_04223,tactile3-da-035,false_negative_damage_area,25.0000,review_tactile_damage_area_label_or_negative,datasets/walksafe_kr_tactile_3class_20260521/images/val/aihub513_tactile_2_09_1_1_4_1_20210917_0000515371.jpg,datasets/walksafe_kr_tactile_3class_20260521/labels/val/aihub513_tactile_2_09_1_1_4_1_20210917_0000515371.txt,docs/review/walksafe_tactile3_damage_area_20260522/final_overlays/078_false_negative_damage_area_035_false_negative_damage_area_aihub513_tactile_2_09_1_1_4_1_20210917_0000515371.jpg,docs/review/walksafe_tactile3_damage_area_20260522/final_crops/078_false_negative_damage_area_035_false_negative_damage_area_aihub513_tactile_2_09_1_1_4_1_20210917_0000515371.jpg,2,0,0,2,0,1,0,0,0.000159,,False,"2:0.447273,0.278705,0.011137,0.014264;2:0.621419,0.456999,0.011137,0.017116",,"2:0.447273,0.278705,0.011137,0.014264;2:0.621419,0.456999,0.011137,0.017116",,,,,accept_existing_labels|fix_tactile_damage_area_bbox|remove_false_damage_area_label|add_missing_tactile_damage_area|exclude_unclear
tactile3-da-final-079,79,val,04096_04223,tactile3-da-036,false_negative_damage_area,25.0000,review_tactile_damage_area_label_or_negative,datasets/walksafe_kr_tactile_3class_20260521/images/val/aihub513_tactile_2_09_1_1_4_1_20210923_0000531678.jpg,datasets/walksafe_kr_tactile_3class_20260521/labels/val/aihub513_tactile_2_09_1_1_4_1_20210923_0000531678.txt,docs/review/walksafe_tactile3_damage_area_20260522/final_overlays/079_false_negative_damage_area_036_false_negative_damage_area_aihub513_tactile_2_09_1_1_4_1_20210923_0000531678.jpg,docs/review/walksafe_tactile3_damage_area_20260522/final_crops/079_false_negative_damage_area_036_false_negative_damage_area_aihub513_tactile_2_09_1_1_4_1_20210923_0000531678.jpg,2,0,0,2,0,1,0,0,0.000957,,False,"2:0.559976,0.400306,0.038720,0.024722;2:0.346068,0.736829,0.032237,0.041512",,"2:0.559976,0.400306,0.038720,0.024722;2:0.346068,0.736829,0.032237,0.041512",,,,,accept_existing_labels|fix_tactile_damage_area_bbox|remove_false_damage_area_label|add_missing_tactile_damage_area|exclude_unclear
tactile3-da-final-080,80,val,04224_04351,tactile3-da-032,false_negative_damage_area,25.0000,review_tactile_damage_area_label_or_negative,datasets/walksafe_kr_tactile_3class_20260521/images/val/aihub513_tactile_2_09_1_1_5_1_20210726_0000102141.jpg,datasets/walksafe_kr_tactile_3class_20260521/labels/val/aihub513_tactile_2_09_1_1_5_1_20210726_0000102141.txt,docs/review/walksafe_tactile3_damage_area_20260522/final_overlays/080_false_negative_damage_area_032_false_negative_damage_area_aihub513_tactile_2_09_1_1_5_1_20210726_0000102141.jpg,docs/review/walksafe_tactile3_damage_area_20260522/final_crops/080_false_negative_damage_area_032_false_negative_damage_area_aihub513_tactile_2_09_1_1_5_1_20210726_0000102141.jpg,2,0,0,2,0,1,0,0,0.000056,,False,"2:0.529183,0.065222,0.009885,0.005706;2:0.508270,0.030771,0.045627,0.004708",,"2:0.529183,0.065222,0.009885,0.005706;2:0.508270,0.030771,0.045627,0.004708",,,,,accept_existing_labels|fix_tactile_damage_area_bbox|remove_false_damage_area_label|add_missing_tactile_damage_area|exclude_unclear
tactile3-da-final-081,81,val,04224_04351,tactile3-da-033,false_negative_damage_area,25.0000,review_tactile_damage_area_label_or_negative,datasets/walksafe_kr_tactile_3class_20260521/images/val/aihub513_tactile_2_09_1_1_5_1_20210903_0000449681.jpg,datasets/walksafe_kr_tactile_3class_20260521/labels/val/aihub513_tactile_2_09_1_1_5_1_20210903_0000449681.txt,docs/review/walksafe_tactile3_damage_area_20260522/final_overlays/081_false_negative_damage_area_033_false_negative_damage_area_aihub513_tactile_2_09_1_1_5_1_20210903_0000449681.jpg,docs/review/walksafe_tactile3_damage_area_20260522/final_crops/081_false_negative_damage_area_033_false_negative_damage_area_aihub513_tactile_2_09_1_1_5_1_20210903_0000449681.jpg,2,0,0,2,0,1,0,0,0.001422,,False,"2:0.433393,0.574866,0.100377,0.107283;2:0.381550,0.757185,0.029782,0.047750",,"2:0.433393,0.574866,0.100377,0.107283;2:0.381550,0.757185,0.029782,0.047750",,,,,accept_existing_labels|fix_tactile_damage_area_bbox|remove_false_damage_area_label|add_missing_tactile_damage_area|exclude_unclear
tactile3-da-final-082,82,val,04352_04479,tactile3-da-040,false_negative_damage_area,25.0000,review_tactile_damage_area_label_or_negative,datasets/walksafe_kr_tactile_3class_20260521/images/val/aihub513_tactile_2_09_1_1_5_2_20210813_0000466897.jpg,datasets/walksafe_kr_tactile_3class_20260521/labels/val/aihub513_tactile_2_09_1_1_5_2_20210813_0000466897.txt,docs/review/walksafe_tactile3_damage_area_20260522/final_overlays/082_false_negative_damage_area_040_false_negative_damage_area_aihub513_tactile_2_09_1_1_5_2_20210813_0000466897.jpg,docs/review/walksafe_tactile3_damage_area_20260522/final_crops/082_false_negative_damage_area_040_false_negative_damage_area_aihub513_tactile_2_09_1_1_5_2_20210813_0000466897.jpg,3,1,1,2,0,1,0,0,0.000245,,False,"2:0.489367,0.194986,0.033359,0.019316;2:0.640854,0.559762,0.029888,0.020256;2:0.435135,0.038601,0.011246,0.021769","2:0.492968,0.195401,0.027683,0.016432:0.0645","2:0.640854,0.559762,0.029888,0.020256;2:0.435135,0.038601,0.011246,0.021769",,,,,accept_existing_labels|fix_tactile_damage_area_bbox|remove_false_damage_area_label|add_missing_tactile_damage_area|exclude_unclear
tactile3-da-final-083,83,val,04608_04694,tactile3-da-028,false_negative_damage_area,25.0000,review_tactile_damage_area_label_or_negative,datasets/walksafe_kr_tactile_3class_20260521/images/val/aihub513_tactile_2_09_1_1_6_2_20210909_0000493266.jpg,datasets/walksafe_kr_tactile_3class_20260521/labels/val/aihub513_tactile_2_09_1_1_6_2_20210909_0000493266.txt,docs/review/walksafe_tactile3_damage_area_20260522/final_overlays/083_false_negative_damage_area_028_false_negative_damage_area_aihub513_tactile_2_09_1_1_6_2_20210909_0000493266.jpg,docs/review/walksafe_tactile3_damage_area_20260522/final_crops/083_false_negative_damage_area_028_false_negative_damage_area_aihub513_tactile_2_09_1_1_6_2_20210909_0000493266.jpg,3,1,1,2,0,1,0,0,0.000406,,False,"2:0.446961,0.282143,0.075031,0.014857;2:0.644630,0.411524,0.038023,0.025714;2:0.445590,0.184857,0.030418,0.013333","2:0.443415,0.280840,0.072245,0.010217:0.0755","2:0.644630,0.411524,0.038023,0.025714;2:0.445590,0.184857,0.030418,0.013333",,,,,accept_existing_labels|fix_tactile_damage_area_bbox|remove_false_damage_area_label|add_missing_tactile_damage_area|exclude_unclear
tactile3-da-final-084,84,val,02304_02431,tactile3-da-029,false_negative_damage_area,15.0000,review_tactile_damage_area_label_or_negative,datasets/walksafe_kr_tactile_3class_20260521/images/val/aihub513_tactile_2_09_1_1_1_1_20210725_0000005093.jpg,datasets/walksafe_kr_tactile_3class_20260521/labels/val/aihub513_tactile_2_09_1_1_1_1_20210725_0000005093.txt,docs/review/walksafe_tactile3_damage_area_20260522/final_overlays/084_false_negative_damage_area_029_false_negative_damage_area_aihub513_tactile_2_09_1_1_1_1_20210725_0000005093.jpg,docs/review/walksafe_tactile3_damage_area_20260522/final_crops/084_false_negative_damage_area_029_false_negative_damage_area_aihub513_tactile_2_09_1_1_1_1_20210725_0000005093.jpg,1,0,0,1,0,1,0,0,0.001198,,False,"2:0.429496,0.940744,0.024671,0.048571",,"2:0.429496,0.940744,0.024671,0.048571",,,,,accept_existing_labels|fix_tactile_damage_area_bbox|remove_false_damage_area_label|add_missing_tactile_damage_area|exclude_unclear
tactile3-da-final-085,85,val,02432_02559,tactile3-da-032,false_negative_damage_area,15.0000,review_tactile_damage_area_label_or_negative,datasets/walksafe_kr_tactile_3class_20260521/images/val/aihub513_tactile_2_09_1_1_1_1_20210726_0000096072.jpg,datasets/walksafe_kr_tactile_3class_20260521/labels/val/aihub513_tactile_2_09_1_1_1_1_20210726_0000096072.txt,docs/review/walksafe_tactile3_damage_area_20260522/final_overlays/085_false_negative_damage_area_032_false_negative_damage_area_aihub513_tactile_2_09_1_1_1_1_20210726_0000096072.jpg,docs/review/walksafe_tactile3_damage_area_20260522/final_crops/085_false_negative_damage_area_032_false_negative_damage_area_aihub513_tactile_2_09_1_1_1_1_20210726_0000096072.jpg,1,0,0,1,0,1,0,0,0.000639,,False,"2:0.650298,0.532030,0.057871,0.011036",,"2:0.650298,0.532030,0.057871,0.011036",,,,,accept_existing_labels|fix_tactile_damage_area_bbox|remove_false_damage_area_label|add_missing_tactile_damage_area|exclude_unclear
tactile3-da-final-086,86,val,02816_02943,tactile3-da-028,false_negative_damage_area,15.0000,review_tactile_damage_area_label_or_negative,datasets/walksafe_kr_tactile_3class_20260521/images/val/aihub513_tactile_2_09_1_1_1_1_20210923_0000534023.jpg,datasets/walksafe_kr_tactile_3class_20260521/labels/val/aihub513_tactile_2_09_1_1_1_1_20210923_0000534023.txt,docs/review/walksafe_tactile3_damage_area_20260522/final_overlays/086_false_negative_damage_area_028_false_negative_damage_area_aihub513_tactile_2_09_1_1_1_1_20210923_0000534023.jpg,docs/review/walksafe_tactile3_damage_area_20260522/final_crops/086_false_negative_damage_area_028_false_negative_damage_area_aihub513_tactile_2_09_1_1_1_1_20210923_0000534023.jpg,1,0,0,1,0,1,0,0,0.000896,,False,"2:0.627932,0.611757,0.055814,0.016046",,"2:0.627932,0.611757,0.055814,0.016046",,,,,accept_existing_labels|fix_tactile_damage_area_bbox|remove_false_damage_area_label|add_missing_tactile_damage_area|exclude_unclear
tactile3-da-final-087,87,val,02816_02943,tactile3-da-029,false_negative_damage_area,15.0000,review_tactile_damage_area_label_or_negative,datasets/walksafe_kr_tactile_3class_20260521/images/val/aihub513_tactile_2_09_1_1_1_1_20210925_0000542123.jpg,datasets/walksafe_kr_tactile_3class_20260521/labels/val/aihub513_tactile_2_09_1_1_1_1_20210925_0000542123.txt,docs/review/walksafe_tactile3_damage_area_20260522/final_overlays/087_false_negative_damage_area_029_false_negative_damage_area_aihub513_tactile_2_09_1_1_1_1_20210925_0000542123.jpg,docs/review/walksafe_tactile3_damage_area_20260522/final_crops/087_false_negative_damage_area_029_false_negative_damage_area_aihub513_tactile_2_09_1_1_1_1_20210925_0000542123.jpg,1,0,0,1,0,1,0,0,0.000258,,False,"2:0.619960,0.226614,0.016672,0.015486",,"2:0.619960,0.226614,0.016672,0.015486",,,,,accept_existing_labels|fix_tactile_damage_area_bbox|remove_false_damage_area_label|add_missing_tactile_damage_area|exclude_unclear
tactile3-da-final-088,88,val,02944_03071,tactile3-da-043,false_negative_damage_area,15.0000,review_tactile_damage_area_label_or_negative,datasets/walksafe_kr_tactile_3class_20260521/images/val/aihub513_tactile_2_09_1_1_1_1_20211006_0000713423.jpg,datasets/walksafe_kr_tactile_3class_20260521/labels/val/aihub513_tactile_2_09_1_1_1_1_20211006_0000713423.txt,docs/review/walksafe_tactile3_damage_area_20260522/final_overlays/088_false_negative_damage_area_043_false_negative_damage_area_aihub513_tactile_2_09_1_1_1_1_20211006_0000713423.jpg,docs/review/walksafe_tactile3_damage_area_20260522/final_crops/088_false_negative_damage_area_043_false_negative_damage_area_aihub513_tactile_2_09_1_1_1_1_20211006_0000713423.jpg,1,0,0,1,0,1,0,0,0.000923,,False,"2:0.548892,0.546270,0.041412,0.022281",,"2:0.548892,0.546270,0.041412,0.022281",,,,,accept_existing_labels|fix_tactile_damage_area_bbox|remove_false_damage_area_label|add_missing_tactile_damage_area|exclude_unclear
tactile3-da-final-089,89,val,02944_03071,tactile3-da-044,false_negative_damage_area,15.0000,review_tactile_damage_area_label_or_negative,datasets/walksafe_kr_tactile_3class_20260521/images/val/aihub513_tactile_2_09_1_1_1_1_20211011_0000617295.jpg,datasets/walksafe_kr_tactile_3class_20260521/labels/val/aihub513_tactile_2_09_1_1_1_1_20211011_0000617295.txt,docs/review/walksafe_tactile3_damage_area_20260522/final_overlays/089_false_negative_damage_area_044_false_negative_damage_area_aihub513_tactile_2_09_1_1_1_1_20211011_0000617295.jpg,docs/review/walksafe_tactile3_damage_area_20260522/final_crops/089_false_negative_damage_area_044_false_negative_damage_area_aihub513_tactile_2_09_1_1_1_1_20211011_0000617295.jpg,1,0,0,1,0,1,0,0,0.000471,,False,"2:0.449604,0.048681,0.015500,0.030364",,"2:0.449604,0.048681,0.015500,0.030364",,,,,accept_existing_labels|fix_tactile_damage_area_bbox|remove_false_damage_area_label|add_missing_tactile_damage_area|exclude_unclear
tactile3-da-final-090,90,val,02944_03071,tactile3-da-045,false_negative_damage_area,15.0000,review_tactile_damage_area_label_or_negative,datasets/walksafe_kr_tactile_3class_20260521/images/val/aihub513_tactile_2_09_1_1_1_1_20211013_0000624385.jpg,datasets/walksafe_kr_tactile_3class_20260521/labels/val/aihub513_tactile_2_09_1_1_1_1_20211013_0000624385.txt,docs/review/walksafe_tactile3_damage_area_20260522/final_overlays/090_false_negative_damage_area_045_false_negative_damage_area_aihub513_tactile_2_09_1_1_1_1_20211013_0000624385.jpg,docs/review/walksafe_tactile3_damage_area_20260522/final_crops/090_false_negative_damage_area_045_false_negative_damage_area_aihub513_tactile_2_09_1_1_1_1_20211013_0000624385.jpg,1,0,0,1,0,1,0,0,0.000242,,False,"2:0.618764,0.131530,0.019757,0.012224",,"2:0.618764,0.131530,0.019757,0.012224",,,,,accept_existing_labels|fix_tactile_damage_area_bbox|remove_false_damage_area_label|add_missing_tactile_damage_area|exclude_unclear
tactile3-da-final-091,91,val,02944_03071,tactile3-da-046,false_negative_damage_area,15.0000,review_tactile_damage_area_label_or_negative,datasets/walksafe_kr_tactile_3class_20260521/images/val/aihub513_tactile_2_09_1_1_1_1_20211018_0000695222.jpg,datasets/walksafe_kr_tactile_3class_20260521/labels/val/aihub513_tactile_2_09_1_1_1_1_20211018_0000695222.txt,docs/review/walksafe_tactile3_damage_area_20260522/final_overlays/091_false_negative_damage_area_046_false_negative_damage_area_aihub513_tactile_2_09_1_1_1_1_20211018_0000695222.jpg,docs/review/walksafe_tactile3_damage_area_20260522/final_crops/091_false_negative_damage_area_046_false_negative_damage_area_aihub513_tactile_2_09_1_1_1_1_20211018_0000695222.jpg,2,1,1,1,0,1,0,0,0.000163,,False,"2:0.401246,0.173145,0.013782,0.013878;2:0.485317,0.051143,0.032868,0.004969","2:0.484989,0.052310,0.036243,0.005356:0.1234","2:0.401246,0.173145,0.013782,0.013878",,,,,accept_existing_labels|fix_tactile_damage_area_bbox|remove_false_damage_area_label|add_missing_tactile_damage_area|exclude_unclear
tactile3-da-final-092,92,val,03072_03199,tactile3-da-031,false_negative_damage_area,15.0000,review_tactile_damage_area_label_or_negative,datasets/walksafe_kr_tactile_3class_20260521/images/val/aihub513_tactile_2_09_1_1_1_1_20211023_0000724446.jpg,datasets/walksafe_kr_tactile_3class_20260521/labels/val/aihub513_tactile_2_09_1_1_1_1_20211023_0000724446.txt,docs/review/walksafe_tactile3_damage_area_20260522/final_overlays/092_false_negative_damage_area_031_false_negative_damage_area_aihub513_tactile_2_09_1_1_1_1_20211023_0000724446.jpg,docs/review/walksafe_tactile3_damage_area_20260522/final_crops/092_false_negative_damage_area_031_false_negative_damage_area_aihub513_tactile_2_09_1_1_1_1_20211023_0000724446.jpg,1,0,0,1,0,1,0,0,0.002126,,False,"2:0.635288,0.901389,0.049894,0.042619",,"2:0.635288,0.901389,0.049894,0.042619",,,,,accept_existing_labels|fix_tactile_damage_area_bbox|remove_false_damage_area_label|add_missing_tactile_damage_area|exclude_unclear
tactile3-da-final-093,93,val,03200_03327,tactile3-da-033,false_negative_damage_area,15.0000,review_tactile_damage_area_label_or_negative,datasets/walksafe_kr_tactile_3class_20260521/images/val/aihub513_tactile_2_09_1_1_1_2_20210724_0000224130.jpg,datasets/walksafe_kr_tactile_3class_20260521/labels/val/aihub513_tactile_2_09_1_1_1_2_20210724_0000224130.txt,docs/review/walksafe_tactile3_damage_area_20260522/final_overlays/093_false_negative_damage_area_033_false_negative_damage_area_aihub513_tactile_2_09_1_1_1_2_20210724_0000224130.jpg,docs/review/walksafe_tactile3_damage_area_20260522/final_crops/093_false_negative_damage_area_033_false_negative_damage_area_aihub513_tactile_2_09_1_1_1_2_20210724_0000224130.jpg,1,0,0,1,0,1,0,0,0.003585,,False,"2:0.457223,0.472143,0.076045,0.047143",,"2:0.457223,0.472143,0.076045,0.047143",,,,,accept_existing_labels|fix_tactile_damage_area_bbox|remove_false_damage_area_label|add_missing_tactile_damage_area|exclude_unclear
tactile3-da-final-094,94,val,03584_03711,tactile3-da-028,false_negative_damage_area,15.0000,review_tactile_damage_area_label_or_negative,datasets/walksafe_kr_tactile_3class_20260521/images/val/aihub513_tactile_2_09_1_1_1_2_20210909_0000469521.jpg,datasets/walksafe_kr_tactile_3class_20260521/labels/val/aihub513_tactile_2_09_1_1_1_2_20210909_0000469521.txt,docs/review/walksafe_tactile3_damage_area_20260522/final_overlays/094_false_negative_damage_area_028_false_negative_damage_area_aihub513_tactile_2_09_1_1_1_2_20210909_0000469521.jpg,docs/review/walksafe_tactile3_damage_area_20260522/final_crops/094_false_negative_damage_area_028_false_negative_damage_area_aihub513_tactile_2_09_1_1_1_2_20210909_0000469521.jpg,2,1,1,1,0,1,0,0,0.005499,,False,"2:0.489991,0.484647,0.045821,0.139991;2:0.633052,0.482545,0.043081,0.127634","2:0.484101,0.477388,0.045157,0.133955:0.1225","2:0.633052,0.482545,0.043081,0.127634",,,,,accept_existing_labels|fix_tactile_damage_area_bbox|remove_false_damage_area_label|add_missing_tactile_damage_area|exclude_unclear
tactile3-da-final-095,95,val,03840_03967,tactile3-da-031,false_negative_damage_area,15.0000,review_tactile_damage_area_label_or_negative,datasets/walksafe_kr_tactile_3class_20260521/images/val/aihub513_tactile_2_09_1_1_1_3_20211017_0000657908.jpg,datasets/walksafe_kr_tactile_3class_20260521/labels/val/aihub513_tactile_2_09_1_1_1_3_20211017_0000657908.txt,docs/review/walksafe_tactile3_damage_area_20260522/final_overlays/095_false_negative_damage_area_031_false_negative_damage_area_aihub513_tactile_2_09_1_1_1_3_20211017_0000657908.jpg,docs/review/walksafe_tactile3_damage_area_20260522/final_crops/095_false_negative_damage_area_031_false_negative_damage_area_aihub513_tactile_2_09_1_1_1_3_20211017_0000657908.jpg,1,0,0,1,0,1,0,0,0.003240,,False,"2:0.568861,0.369524,0.170116,0.019048",,"2:0.568861,0.369524,0.170116,0.019048",,,,,accept_existing_labels|fix_tactile_damage_area_bbox|remove_false_damage_area_label|add_missing_tactile_damage_area|exclude_unclear
tactile3-da-final-096,96,val,03840_03967,tactile3-da-032,false_negative_damage_area,15.0000,review_tactile_damage_area_label_or_negative,datasets/walksafe_kr_tactile_3class_20260521/images/val/aihub513_tactile_2_09_1_1_2_1_20210820_0000344304.jpg,datasets/walksafe_kr_tactile_3class_20260521/labels/val/aihub513_tactile_2_09_1_1_2_1_20210820_0000344304.txt,docs/review/walksafe_tactile3_damage_area_20260522/final_overlays/096_false_negative_damage_area_032_false_negative_damage_area_aihub513_tactile_2_09_1_1_2_1_20210820_0000344304.jpg,docs/review/walksafe_tactile3_damage_area_20260522/final_crops/096_false_negative_damage_area_032_false_negative_damage_area_aihub513_tactile_2_09_1_1_2_1_20210820_0000344304.jpg,1,0,0,1,0,1,0,0,0.001380,,False,"2:0.387245,0.483690,0.032312,0.042700",,"2:0.387245,0.483690,0.032312,0.042700",,,,,accept_existing_labels|fix_tactile_damage_area_bbox|remove_false_damage_area_label|add_missing_tactile_damage_area|exclude_unclear
tactile3-da-final-097,97,val,00000_00127,tactile3-da-001,hard_negative_false_positive_damage_area,87.0430,review_tactile_damage_area_label_or_negative,datasets/walksafe_kr_tactile_3class_20260521/images/val/aihub513_tactile_2_09_0_1_1_1_20210728_0000166657.jpg,datasets/walksafe_kr_tactile_3class_20260521/labels/val/aihub513_tactile_2_09_0_1_1_1_20210728_0000166657.txt,docs/review/walksafe_tactile3_damage_area_20260522/final_overlays/097_hard_negative_false_positive_damage_area_001_hard_negative_false_positive_damage_area_aihub513_tactile_2_09_0_1_1_1_20210728_0000166657.jpg,docs/review/walksafe_tactile3_damage_area_20260522/final_crops/097_hard_negative_false_positive_damage_area_001_hard_negative_false_positive_damage_area_aihub513_tactile_2_09_0_1_1_1_20210728_0000166657.jpg,0,14,0,0,14,0,2,0,,0.6086,False,,"2:0.515121,0.474930,0.079097,0.105974:0.6086;2:0.528905,0.355057,0.081901,0.097927:0.4572;2:0.377750,0.594594,0.105406,0.110728:0.4096;2:0.558019,0.037689,0.073702,0.075378:0.3290;2:0.455653,0.029511,0.084041,0.059023:0.3067;2:0.493125,0.732836,0.082207,0.116032:0.3046;2:0.641435,0.256014,0.078476,0.095136:0.1454;2:0.448604,0.030027,0.097805,0.060053:0.1373;2:0.468794,0.748185,0.029683,0.076168:0.1106;2:0.460569,0.027462,0.071273,0.054925:0.1031;2:0.496378,0.475042,0.031477,0.099473:0.0652;2:0.526794,0.563948,0.030197,0.034088:0.0614;2:0.517443,0.729484,0.025540,0.099376:0.0581;2:0.622900,0.605438,0.092296,0.121412:0.0550",,"2:0.515121,0.474930,0.079097,0.105974:0.6086;2:0.528905,0.355057,0.081901,0.097927:0.4572;2:0.377750,0.594594,0.105406,0.110728:0.4096;2:0.558019,0.037689,0.073702,0.075378:0.3290;2:0.455653,0.029511,0.084041,0.059023:0.3067;2:0.493125,0.732836,0.082207,0.116032:0.3046;2:0.641435,0.256014,0.078476,0.095136:0.1454;2:0.448604,0.030027,0.097805,0.060053:0.1373;2:0.468794,0.748185,0.029683,0.076168:0.1106;2:0.460569,0.027462,0.071273,0.054925:0.1031;2:0.496378,0.475042,0.031477,0.099473:0.0652;2:0.526794,0.563948,0.030197,0.034088:0.0614;2:0.517443,0.729484,0.025540,0.099376:0.0581;2:0.622900,0.605438,0.092296,0.121412:0.0550",,,,accept_existing_labels|fix_tactile_damage_area_bbox|remove_false_damage_area_label|add_missing_tactile_damage_area|exclude_unclear
tactile3-da-final-098,98,val,00256_00383,tactile3-da-001,hard_negative_false_positive_damage_area,78.6953,review_tactile_damage_area_label_or_negative,datasets/walksafe_kr_tactile_3class_20260521/images/val/aihub513_tactile_2_09_0_1_1_1_20210906_0000452324.jpg,datasets/walksafe_kr_tactile_3class_20260521/labels/val/aihub513_tactile_2_09_0_1_1_1_20210906_0000452324.txt,docs/review/walksafe_tactile3_damage_area_20260522/final_overlays/098_hard_negative_false_positive_damage_area_001_hard_negative_false_positive_damage_area_aihub513_tactile_2_09_0_1_1_1_20210906_0000452324.jpg,docs/review/walksafe_tactile3_damage_area_20260522/final_crops/098_hard_negative_false_positive_damage_area_001_hard_negative_false_positive_damage_area_aihub513_tactile_2_09_0_1_1_1_20210906_0000452324.jpg,0,13,0,0,13,0,1,0,,0.1391,False,,"2:0.572454,0.464949,0.048545,0.073950:0.1391;2:0.696705,0.511322,0.022681,0.090614:0.1098;2:0.693730,0.514204,0.028737,0.098203:0.0962;2:0.694743,0.495800,0.031208,0.130801:0.0932;2:0.503421,0.980507,0.192482,0.038902:0.0888;2:0.614618,0.251049,0.023774,0.021552:0.0822;2:0.717477,0.662296,0.039530,0.151016:0.0677;2:0.549894,0.214385,0.013633,0.016491:0.0674;2:0.598839,0.491762,0.103337,0.130533:0.0642;2:0.695044,0.512726,0.028329,0.095246:0.0553;2:0.478821,0.372774,0.026412,0.062628:0.0534;2:0.458469,0.981619,0.071552,0.036561:0.0522;2:0.629746,0.515528,0.039966,0.078052:0.0510",,"2:0.572454,0.464949,0.048545,0.073950:0.1391;2:0.696705,0.511322,0.022681,0.090614:0.1098;2:0.693730,0.514204,0.028737,0.098203:0.0962;2:0.694743,0.495800,0.031208,0.130801:0.0932;2:0.503421,0.980507,0.192482,0.038902:0.0888;2:0.614618,0.251049,0.023774,0.021552:0.0822;2:0.717477,0.662296,0.039530,0.151016:0.0677;2:0.549894,0.214385,0.013633,0.016491:0.0674;2:0.598839,0.491762,0.103337,0.130533:0.0642;2:0.695044,0.512726,0.028329,0.095246:0.0553;2:0.478821,0.372774,0.026412,0.062628:0.0534;2:0.458469,0.981619,0.071552,0.036561:0.0522;2:0.629746,0.515528,0.039966,0.078052:0.0510",,,,accept_existing_labels|fix_tactile_damage_area_bbox|remove_false_damage_area_label|add_missing_tactile_damage_area|exclude_unclear
tactile3-da-final-099,99,val,00000_00127,tactile3-da-002,hard_negative_false_positive_damage_area,73.9900,review_tactile_damage_area_label_or_negative,datasets/walksafe_kr_tactile_3class_20260521/images/val/aihub513_tactile_2_09_0_1_1_1_20210726_0000075652.jpg,datasets/walksafe_kr_tactile_3class_20260521/labels/val/aihub513_tactile_2_09_0_1_1_1_20210726_0000075652.txt,docs/review/walksafe_tactile3_damage_area_20260522/final_overlays/099_hard_negative_false_positive_damage_area_002_hard_negative_false_positive_damage_area_aihub513_tactile_2_09_0_1_1_1_20210726_0000075652.jpg,docs/review/walksafe_tactile3_damage_area_20260522/final_crops/099_hard_negative_false_positive_damage_area_002_hard_negative_false_positive_damage_area_aihub513_tactile_2_09_0_1_1_1_20210726_0000075652.jpg,0,12,0,0,12,0,1,0,,0.3980,False,,"2:0.333658,0.512244,0.041567,0.020778:0.3980;2:0.563251,0.185141,0.032465,0.014756:0.2297;2:0.361273,0.182821,0.024979,0.016105:0.1947;2:0.590076,0.378049,0.035920,0.015322:0.1940;2:0.609514,0.515500,0.039504,0.027067:0.1620;2:0.335954,0.512696,0.049753,0.025711:0.1553;2:0.588788,0.383163,0.041933,0.026504:0.1315;2:0.606093,0.516676,0.050980,0.034480:0.0965;2:0.582594,0.379523,0.056498,0.026365:0.0865;2:0.578456,0.385101,0.066080,0.033913:0.0620;2:0.364039,0.184937,0.036910,0.024551:0.0591;2:0.365461,0.182327,0.033797,0.016795:0.0510",,"2:0.333658,0.512244,0.041567,0.020778:0.3980;2:0.563251,0.185141,0.032465,0.014756:0.2297;2:0.361273,0.182821,0.024979,0.016105:0.1947;2:0.590076,0.378049,0.035920,0.015322:0.1940;2:0.609514,0.515500,0.039504,0.027067:0.1620;2:0.335954,0.512696,0.049753,0.025711:0.1553;2:0.588788,0.383163,0.041933,0.026504:0.1315;2:0.606093,0.516676,0.050980,0.034480:0.0965;2:0.582594,0.379523,0.056498,0.026365:0.0865;2:0.578456,0.385101,0.066080,0.033913:0.0620;2:0.364039,0.184937,0.036910,0.024551:0.0591;2:0.365461,0.182327,0.033797,0.016795:0.0510",,,,accept_existing_labels|fix_tactile_damage_area_bbox|remove_false_damage_area_label|add_missing_tactile_damage_area|exclude_unclear
tactile3-da-final-100,100,val,01536_01663,tactile3-da-001,hard_negative_false_positive_damage_area,67.9830,review_tactile_damage_area_label_or_negative,datasets/walksafe_kr_tactile_3class_20260521/images/val/aihub513_tactile_2_09_0_1_4_1_20210924_0000538727.jpg,datasets/walksafe_kr_tactile_3class_20260521/labels/val/aihub513_tactile_2_09_0_1_4_1_20210924_0000538727.txt,docs/review/walksafe_tactile3_damage_area_20260522/final_overlays/100_hard_negative_false_positive_damage_area_001_hard_negative_false_positive_damage_area_aihub513_tactile_2_09_0_1_4_1_20210924_0000538727.jpg,docs/review/walksafe_tactile3_damage_area_20260522/final_crops/100_hard_negative_false_positive_damage_area_001_hard_negative_false_positive_damage_area_aihub513_tactile_2_09_0_1_4_1_20210924_0000538727.jpg,0,11,0,0,11,0,1,0,,0.3966,False,,"2:0.598660,0.078953,0.035808,0.014405:0.3966;2:0.400704,0.285520,0.027881,0.016457:0.3403;2:0.416942,0.076789,0.029797,0.016787:0.2297;2:0.614062,0.718634,0.040815,0.013179:0.1105;2:0.618595,0.719028,0.051453,0.015224:0.0818;2:0.519610,0.724779,0.036634,0.019938:0.0782;2:0.630110,0.391943,0.027648,0.006559:0.0582;2:0.587045,0.556043,0.049613,0.032402:0.0568;2:0.629723,0.391400,0.030737,0.008548:0.0538;2:0.505334,0.489664,0.035958,0.024061:0.0528;2:0.637786,0.546485,0.039519,0.015453:0.0505",,"2:0.598660,0.078953,0.035808,0.014405:0.3966;2:0.400704,0.285520,0.027881,0.016457:0.3403;2:0.416942,0.076789,0.029797,0.016787:0.2297;2:0.614062,0.718634,0.040815,0.013179:0.1105;2:0.618595,0.719028,0.051453,0.015224:0.0818;2:0.519610,0.724779,0.036634,0.019938:0.0782;2:0.630110,0.391943,0.027648,0.006559:0.0582;2:0.587045,0.556043,0.049613,0.032402:0.0568;2:0.629723,0.391400,0.030737,0.008548:0.0538;2:0.505334,0.489664,0.035958,0.024061:0.0528;2:0.637786,0.546485,0.039519,0.015453:0.0505",,,,accept_existing_labels|fix_tactile_damage_area_bbox|remove_false_damage_area_label|add_missing_tactile_damage_area|exclude_unclear
tactile3-da-final-101,101,val,02176_02303,tactile3-da-001,hard_negative_false_positive_damage_area,56.4010,review_tactile_damage_area_label_or_negative,datasets/walksafe_kr_tactile_3class_20260521/images/val/aihub513_tactile_2_09_0_1_5_2_20210813_0000466919.jpg,datasets/walksafe_kr_tactile_3class_20260521/labels/val/aihub513_tactile_2_09_0_1_5_2_20210813_0000466919.txt,docs/review/walksafe_tactile3_damage_area_20260522/final_overlays/101_hard_negative_false_positive_damage_area_001_hard_negative_false_positive_damage_area_aihub513_tactile_2_09_0_1_5_2_20210813_0000466919.jpg,docs/review/walksafe_tactile3_damage_area_20260522/final_crops/101_hard_negative_false_positive_damage_area_001_hard_negative_false_positive_damage_area_aihub513_tactile_2_09_0_1_5_2_20210813_0000466919.jpg,0,9,0,0,9,0,1,0,,0.4802,False,,"2:0.466343,0.458231,0.226186,0.021265:0.4802;2:0.462945,0.431875,0.265945,0.074643:0.1220;2:0.464474,0.414521,0.263843,0.041788:0.1156;2:0.488904,0.601596,0.051388,0.012723:0.1117;2:0.342345,0.405151,0.021065,0.022442:0.0994;2:0.489771,0.600112,0.058085,0.015588:0.0907;2:0.597183,0.503652,0.030186,0.051146:0.0864;2:0.335250,0.602730,0.046643,0.014519:0.0655;2:0.595427,0.504357,0.036260,0.054966:0.0518",,"2:0.466343,0.458231,0.226186,0.021265:0.4802;2:0.462945,0.431875,0.265945,0.074643:0.1220;2:0.464474,0.414521,0.263843,0.041788:0.1156;2:0.488904,0.601596,0.051388,0.012723:0.1117;2:0.342345,0.405151,0.021065,0.022442:0.0994;2:0.489771,0.600112,0.058085,0.015588:0.0907;2:0.597183,0.503652,0.030186,0.051146:0.0864;2:0.335250,0.602730,0.046643,0.014519:0.0655;2:0.595427,0.504357,0.036260,0.054966:0.0518",,,,accept_existing_labels|fix_tactile_damage_area_bbox|remove_false_damage_area_label|add_missing_tactile_damage_area|exclude_unclear
tactile3-da-final-102,102,val,00256_00383,tactile3-da-002,hard_negative_false_positive_damage_area,55.6347,review_tactile_damage_area_label_or_negative,datasets/walksafe_kr_tactile_3class_20260521/images/val/aihub513_tactile_2_09_0_1_1_1_20210902_0000446154.jpg,datasets/walksafe_kr_tactile_3class_20260521/labels/val/aihub513_tactile_2_09_0_1_1_1_20210902_0000446154.txt,docs/review/walksafe_tactile3_damage_area_20260522/final_overlays/102_hard_negative_false_positive_damage_area_002_hard_negative_false_positive_damage_area_aihub513_tactile_2_09_0_1_1_1_20210902_0000446154.jpg,docs/review/walksafe_tactile3_damage_area_20260522/final_crops/102_hard_negative_false_positive_damage_area_002_hard_negative_false_positive_damage_area_aihub513_tactile_2_09_0_1_1_1_20210902_0000446154.jpg,0,9,0,0,9,0,1,0,,0.3269,False,,"2:0.638116,0.496770,0.027028,0.022881:0.3269;2:0.631543,0.496905,0.040212,0.023681:0.2438;2:0.528990,0.367046,0.122591,0.015225:0.2322;2:0.631835,0.497626,0.042737,0.027570:0.1750;2:0.527511,0.366170,0.124175,0.014238:0.1043;2:0.496366,0.173607,0.047010,0.008060:0.0967;2:0.502634,0.488226,0.055350,0.006774:0.0925;2:0.525085,0.366136,0.141856,0.018279:0.0778;2:0.341372,0.650103,0.027916,0.019126:0.0758",,"2:0.638116,0.496770,0.027028,0.022881:0.3269;2:0.631543,0.496905,0.040212,0.023681:0.2438;2:0.528990,0.367046,0.122591,0.015225:0.2322;2:0.631835,0.497626,0.042737,0.027570:0.1750;2:0.527511,0.366170,0.124175,0.014238:0.1043;2:0.496366,0.173607,0.047010,0.008060:0.0967;2:0.502634,0.488226,0.055350,0.006774:0.0925;2:0.525085,0.366136,0.141856,0.018279:0.0778;2:0.341372,0.650103,0.027916,0.019126:0.0758",,,,accept_existing_labels|fix_tactile_damage_area_bbox|remove_false_damage_area_label|add_missing_tactile_damage_area|exclude_unclear
tactile3-da-final-103,103,val,01024_01151,tactile3-da-001,hard_negative_false_positive_damage_area,50.3201,review_tactile_damage_area_label_or_negative,datasets/walksafe_kr_tactile_3class_20260521/images/val/aihub513_tactile_2_09_0_1_1_4_20210806_0000105648.jpg,datasets/walksafe_kr_tactile_3class_20260521/labels/val/aihub513_tactile_2_09_0_1_1_4_20210806_0000105648.txt,docs/review/walksafe_tactile3_damage_area_20260522/final_overlays/103_hard_negative_false_positive_damage_area_001_hard_negative_false_positive_damage_area_aihub513_tactile_2_09_0_1_1_4_20210806_0000105648.jpg,docs/review/walksafe_tactile3_damage_area_20260522/final_crops/103_hard_negative_false_positive_damage_area_001_hard_negative_false_positive_damage_area_aihub513_tactile_2_09_0_1_1_4_20210806_0000105648.jpg,0,8,0,0,8,0,1,0,,0.4640,False,,"2:0.584570,0.765634,0.106919,0.033384:0.4640;2:0.640739,0.418423,0.041392,0.019831:0.3295;2:0.525508,0.129814,0.219761,0.019495:0.1794;2:0.524352,0.213418,0.241952,0.026092:0.1486;2:0.591231,0.129182,0.087541,0.016764:0.1048;2:0.524435,0.133141,0.223793,0.024712:0.0807;2:0.636259,0.418194,0.054000,0.024031:0.0586;2:0.678928,0.810831,0.032351,0.050501:0.0562",,"2:0.584570,0.765634,0.106919,0.033384:0.4640;2:0.640739,0.418423,0.041392,0.019831:0.3295;2:0.525508,0.129814,0.219761,0.019495:0.1794;2:0.524352,0.213418,0.241952,0.026092:0.1486;2:0.591231,0.129182,0.087541,0.016764:0.1048;2:0.524435,0.133141,0.223793,0.024712:0.0807;2:0.636259,0.418194,0.054000,0.024031:0.0586;2:0.678928,0.810831,0.032351,0.050501:0.0562",,,,accept_existing_labels|fix_tactile_damage_area_bbox|remove_false_damage_area_label|add_missing_tactile_damage_area|exclude_unclear
tactile3-da-final-104,104,val,02048_02175,tactile3-da-001,hard_negative_false_positive_damage_area,49.9933,review_tactile_damage_area_label_or_negative,datasets/walksafe_kr_tactile_3class_20260521/images/val/aihub513_tactile_2_09_0_1_5_1_20211003_0000608238.jpg,datasets/walksafe_kr_tactile_3class_20260521/labels/val/aihub513_tactile_2_09_0_1_5_1_20211003_0000608238.txt,docs/review/walksafe_tactile3_damage_area_20260522/final_overlays/104_hard_negative_false_positive_damage_area_001_hard_negative_false_positive_damage_area_aihub513_tactile_2_09_0_1_5_1_20211003_0000608238.jpg,docs/review/walksafe_tactile3_damage_area_20260522/final_crops/104_hard_negative_false_positive_damage_area_001_hard_negative_false_positive_damage_area_aihub513_tactile_2_09_0_1_5_1_20211003_0000608238.jpg,0,8,0,0,8,0,1,0,,0.3987,False,,"2:0.591883,0.599221,0.056113,0.049975:0.3987;2:0.504829,0.384164,0.040060,0.026208:0.2983;2:0.572046,0.360729,0.043158,0.076726:0.2834;2:0.571265,0.360214,0.040019,0.072888:0.1872;2:0.497699,0.362862,0.208441,0.077997:0.1492;2:0.432326,0.393193,0.043162,0.019597:0.1115;2:0.613239,0.600635,0.108593,0.053563:0.0988;2:0.608635,0.600517,0.095331,0.052684:0.0738",,"2:0.591883,0.599221,0.056113,0.049975:0.3987;2:0.504829,0.384164,0.040060,0.026208:0.2983;2:0.572046,0.360729,0.043158,0.076726:0.2834;2:0.571265,0.360214,0.040019,0.072888:0.1872;2:0.497699,0.362862,0.208441,0.077997:0.1492;2:0.432326,0.393193,0.043162,0.019597:0.1115;2:0.613239,0.600635,0.108593,0.053563:0.0988;2:0.608635,0.600517,0.095331,0.052684:0.0738",,,,accept_existing_labels|fix_tactile_damage_area_bbox|remove_false_damage_area_label|add_missing_tactile_damage_area|exclude_unclear
tactile3-da-final-105,105,val,02048_02175,tactile3-da-002,hard_negative_false_positive_damage_area,48.7653,review_tactile_damage_area_label_or_negative,datasets/walksafe_kr_tactile_3class_20260521/images/val/aihub513_tactile_2_09_0_1_5_1_20211006_0000603590.jpg,datasets/walksafe_kr_tactile_3class_20260521/labels/val/aihub513_tactile_2_09_0_1_5_1_20211006_0000603590.txt,docs/review/walksafe_tactile3_damage_area_20260522/final_overlays/105_hard_negative_false_positive_damage_area_002_hard_negative_false_positive_damage_area_aihub513_tactile_2_09_0_1_5_1_20211006_0000603590.jpg,docs/review/walksafe_tactile3_damage_area_20260522/final_crops/105_hard_negative_false_positive_damage_area_002_hard_negative_false_positive_damage_area_aihub513_tactile_2_09_0_1_5_1_20211006_0000603590.jpg,0,8,0,0,8,0,1,0,,0.1531,False,,"2:0.381799,0.168273,0.029007,0.012287:0.1531;2:0.361266,0.373779,0.026954,0.014873:0.1448;2:0.356853,0.497348,0.045961,0.027668:0.1225;2:0.364334,0.374384,0.036605,0.019576:0.0894;2:0.351957,0.498447,0.032774,0.021176:0.0868;2:0.578972,0.091790,0.031457,0.013659:0.0803;2:0.580966,0.092712,0.027714,0.011949:0.0676;2:0.349525,0.499018,0.027275,0.019495:0.0576",,"2:0.381799,0.168273,0.029007,0.012287:0.1531;2:0.361266,0.373779,0.026954,0.014873:0.1448;2:0.356853,0.497348,0.045961,0.027668:0.1225;2:0.364334,0.374384,0.036605,0.019576:0.0894;2:0.351957,0.498447,0.032774,0.021176:0.0868;2:0.578972,0.091790,0.031457,0.013659:0.0803;2:0.580966,0.092712,0.027714,0.011949:0.0676;2:0.349525,0.499018,0.027275,0.019495:0.0576",,,,accept_existing_labels|fix_tactile_damage_area_bbox|remove_false_damage_area_label|add_missing_tactile_damage_area|exclude_unclear
tactile3-da-final-106,106,val,00384_00511,tactile3-da-001,hard_negative_false_positive_damage_area,44.6856,review_tactile_damage_area_label_or_negative,datasets/walksafe_kr_tactile_3class_20260521/images/val/aihub513_tactile_2_09_0_1_1_1_20210913_0000499342.jpg,datasets/walksafe_kr_tactile_3class_20260521/labels/val/aihub513_tactile_2_09_0_1_1_1_20210913_0000499342.txt,docs/review/walksafe_tactile3_damage_area_20260522/final_overlays/106_hard_negative_false_positive_damage_area_001_hard_negative_false_positive_damage_area_aihub513_tactile_2_09_0_1_1_1_20210913_0000499342.jpg,docs/review/walksafe_tactile3_damage_area_20260522/final_crops/106_hard_negative_false_positive_damage_area_001_hard_negative_false_positive_damage_area_aihub513_tactile_2_09_0_1_1_1_20210913_0000499342.jpg,0,7,0,0,7,0,1,0,,0.5371,False,,"2:0.396154,0.551865,0.067838,0.011315:0.5371;2:0.448230,0.402792,0.080696,0.011245:0.3329;2:0.544451,0.404278,0.042516,0.010197:0.2574;2:0.487914,0.404512,0.164389,0.016597:0.1620;2:0.396236,0.554359,0.078196,0.017549:0.1412;2:0.389771,0.087112,0.019002,0.014166:0.1249;2:0.390435,0.083470,0.021273,0.021976:0.1083",,"2:0.396154,0.551865,0.067838,0.011315:0.5371;2:0.448230,0.402792,0.080696,0.011245:0.3329;2:0.544451,0.404278,0.042516,0.010197:0.2574;2:0.487914,0.404512,0.164389,0.016597:0.1620;2:0.396236,0.554359,0.078196,0.017549:0.1412;2:0.389771,0.087112,0.019002,0.014166:0.1249;2:0.390435,0.083470,0.021273,0.021976:0.1083",,,,accept_existing_labels|fix_tactile_damage_area_bbox|remove_false_damage_area_label|add_missing_tactile_damage_area|exclude_unclear
tactile3-da-final-107,107,val,02176_02303,tactile3-da-002,hard_negative_false_positive_damage_area,43.2982,review_tactile_damage_area_label_or_negative,datasets/walksafe_kr_tactile_3class_20260521/images/val/aihub513_tactile_2_09_0_1_6_1_20210826_0000477580.jpg,datasets/walksafe_kr_tactile_3class_20260521/labels/val/aihub513_tactile_2_09_0_1_6_1_20210826_0000477580.txt,docs/review/walksafe_tactile3_damage_area_20260522/final_overlays/107_hard_negative_false_positive_damage_area_002_hard_negative_false_positive_damage_area_aihub513_tactile_2_09_0_1_6_1_20210826_0000477580.jpg,docs/review/walksafe_tactile3_damage_area_20260522/final_crops/107_hard_negative_false_positive_damage_area_002_hard_negative_false_positive_damage_area_aihub513_tactile_2_09_0_1_6_1_20210826_0000477580.jpg,0,7,0,0,7,0,1,0,,0.2596,False,,"2:0.489592,0.035011,0.074956,0.019400:0.2596;2:0.353161,0.373015,0.021445,0.054670:0.1936;2:0.579943,0.318231,0.034668,0.028914:0.1008;2:0.538654,0.075846,0.055432,0.021758:0.0972;2:0.489716,0.029612,0.071938,0.009462:0.0894;2:0.575742,0.314564,0.047194,0.039975:0.0710;2:0.508888,0.055349,0.117282,0.061431:0.0613",,"2:0.489592,0.035011,0.074956,0.019400:0.2596;2:0.353161,0.373015,0.021445,0.054670:0.1936;2:0.579943,0.318231,0.034668,0.028914:0.1008;2:0.538654,0.075846,0.055432,0.021758:0.0972;2:0.489716,0.029612,0.071938,0.009462:0.0894;2:0.575742,0.314564,0.047194,0.039975:0.0710;2:0.508888,0.055349,0.117282,0.061431:0.0613",,,,accept_existing_labels|fix_tactile_damage_area_bbox|remove_false_damage_area_label|add_missing_tactile_damage_area|exclude_unclear
tactile3-da-final-108,108,val,01024_01151,tactile3-da-002,hard_negative_false_positive_damage_area,42.9819,review_tactile_damage_area_label_or_negative,datasets/walksafe_kr_tactile_3class_20260521/images/val/aihub513_tactile_2_09_0_1_1_2_20210730_0000051914.jpg,datasets/walksafe_kr_tactile_3class_20260521/labels/val/aihub513_tactile_2_09_0_1_1_2_20210730_0000051914.txt,docs/review/walksafe_tactile3_damage_area_20260522/final_overlays/108_hard_negative_false_positive_damage_area_002_hard_negative_false_positive_damage_area_aihub513_tactile_2_09_0_1_1_2_20210730_0000051914.jpg,docs/review/walksafe_tactile3_damage_area_20260522/final_crops/108_hard_negative_false_positive_damage_area_002_hard_negative_false_positive_damage_area_aihub513_tactile_2_09_0_1_1_2_20210730_0000051914.jpg,0,7,0,0,7,0,1,0,,0.1964,False,,"2:0.516879,0.607623,0.108619,0.019167:0.1964;2:0.566148,0.320113,0.162167,0.021761:0.1925;2:0.515536,0.605656,0.099316,0.012297:0.1583;2:0.514937,0.608585,0.101043,0.016594:0.1409;2:0.561138,0.314476,0.147645,0.010327:0.0982;2:0.565323,0.314714,0.160951,0.017189:0.0811;2:0.563715,0.317805,0.147360,0.011884:0.0706",,"2:0.516879,0.607623,0.108619,0.019167:0.1964;2:0.566148,0.320113,0.162167,0.021761:0.1925;2:0.515536,0.605656,0.099316,0.012297:0.1583;2:0.514937,0.608585,0.101043,0.016594:0.1409;2:0.561138,0.314476,0.147645,0.010327:0.0982;2:0.565323,0.314714,0.160951,0.017189:0.0811;2:0.563715,0.317805,0.147360,0.011884:0.0706",,,,accept_existing_labels|fix_tactile_damage_area_bbox|remove_false_damage_area_label|add_missing_tactile_damage_area|exclude_unclear
tactile3-da-final-109,109,val,02048_02175,tactile3-da-003,hard_negative_false_positive_damage_area,42.6313,review_tactile_damage_area_label_or_negative,datasets/walksafe_kr_tactile_3class_20260521/images/val/aihub513_tactile_2_09_0_1_5_1_20210928_0000573039.jpg,datasets/walksafe_kr_tactile_3class_20260521/labels/val/aihub513_tactile_2_09_0_1_5_1_20210928_0000573039.txt,docs/review/walksafe_tactile3_damage_area_20260522/final_overlays/109_hard_negative_false_positive_damage_area_003_hard_negative_false_positive_damage_area_aihub513_tactile_2_09_0_1_5_1_20210928_0000573039.jpg,docs/review/walksafe_tactile3_damage_area_20260522/final_crops/109_hard_negative_false_positive_damage_area_003_hard_negative_false_positive_damage_area_aihub513_tactile_2_09_0_1_5_1_20210928_0000573039.jpg,0,7,0,0,7,0,1,0,,0.1263,False,,"2:0.502613,0.447141,0.089418,0.023816:0.1263;2:0.506589,0.443892,0.069514,0.016466:0.1101;2:0.506726,0.447315,0.077061,0.022561:0.0985;2:0.375594,0.404090,0.019398,0.029632:0.0786;2:0.384988,0.412222,0.038011,0.048040:0.0689;2:0.607161,0.347861,0.018060,0.017690:0.0557;2:0.388169,0.411758,0.045516,0.051492:0.0525",,"2:0.502613,0.447141,0.089418,0.023816:0.1263;2:0.506589,0.443892,0.069514,0.016466:0.1101;2:0.506726,0.447315,0.077061,0.022561:0.0985;2:0.375594,0.404090,0.019398,0.029632:0.0786;2:0.384988,0.412222,0.038011,0.048040:0.0689;2:0.607161,0.347861,0.018060,0.017690:0.0557;2:0.388169,0.411758,0.045516,0.051492:0.0525",,,,accept_existing_labels|fix_tactile_damage_area_bbox|remove_false_damage_area_label|add_missing_tactile_damage_area|exclude_unclear
tactile3-da-final-110,110,val,01408_01535,tactile3-da-001,hard_negative_false_positive_damage_area,39.5355,review_tactile_damage_area_label_or_negative,datasets/walksafe_kr_tactile_3class_20260521/images/val/aihub513_tactile_2_09_0_1_4_1_20210908_0000461371.jpg,datasets/walksafe_kr_tactile_3class_20260521/labels/val/aihub513_tactile_2_09_0_1_4_1_20210908_0000461371.txt,docs/review/walksafe_tactile3_damage_area_20260522/final_overlays/110_hard_negative_false_positive_damage_area_001_hard_negative_false_positive_damage_area_aihub513_tactile_2_09_0_1_4_1_20210908_0000461371.jpg,docs/review/walksafe_tactile3_damage_area_20260522/final_crops/110_hard_negative_false_positive_damage_area_001_hard_negative_false_positive_damage_area_aihub513_tactile_2_09_0_1_4_1_20210908_0000461371.jpg,0,6,0,0,6,0,1,0,,0.7071,False,,"2:0.522529,0.170703,0.053433,0.010326:0.7071;2:0.501494,0.373388,0.109981,0.011705:0.5774;2:0.499718,0.374424,0.115855,0.014873:0.3584;2:0.574375,0.175413,0.027208,0.011717:0.1254;2:0.448523,0.236411,0.017940,0.014972:0.0853;2:0.452564,0.203948,0.021144,0.021280:0.0567",,"2:0.522529,0.170703,0.053433,0.010326:0.7071;2:0.501494,0.373388,0.109981,0.011705:0.5774;2:0.499718,0.374424,0.115855,0.014873:0.3584;2:0.574375,0.175413,0.027208,0.011717:0.1254;2:0.448523,0.236411,0.017940,0.014972:0.0853;2:0.452564,0.203948,0.021144,0.021280:0.0567",,,,accept_existing_labels|fix_tactile_damage_area_bbox|remove_false_damage_area_label|add_missing_tactile_damage_area|exclude_unclear
tactile3-da-final-111,111,val,01920_02047,tactile3-da-001,hard_negative_false_positive_damage_area,38.6253,review_tactile_damage_area_label_or_negative,datasets/walksafe_kr_tactile_3class_20260521/images/val/aihub513_tactile_2_09_0_1_5_1_20210912_0000513164.jpg,datasets/walksafe_kr_tactile_3class_20260521/labels/val/aihub513_tactile_2_09_0_1_5_1_20210912_0000513164.txt,docs/review/walksafe_tactile3_damage_area_20260522/final_overlays/111_hard_negative_false_positive_damage_area_001_hard_negative_false_positive_damage_area_aihub513_tactile_2_09_0_1_5_1_20210912_0000513164.jpg,docs/review/walksafe_tactile3_damage_area_20260522/final_crops/111_hard_negative_false_positive_damage_area_001_hard_negative_false_positive_damage_area_aihub513_tactile_2_09_0_1_5_1_20210912_0000513164.jpg,0,6,0,0,6,0,1,0,,0.5251,False,,"2:0.549983,0.512596,0.141236,0.022158:0.5251;2:0.454385,0.034694,0.105417,0.009025:0.2162;2:0.502321,0.513715,0.030778,0.018899:0.0824;2:0.571241,0.512412,0.091190,0.018647:0.0745;2:0.417097,0.262333,0.038902,0.016443:0.0601;2:0.456664,0.033233,0.104369,0.009926:0.0533",,"2:0.549983,0.512596,0.141236,0.022158:0.5251;2:0.454385,0.034694,0.105417,0.009025:0.2162;2:0.502321,0.513715,0.030778,0.018899:0.0824;2:0.571241,0.512412,0.091190,0.018647:0.0745;2:0.417097,0.262333,0.038902,0.016443:0.0601;2:0.456664,0.033233,0.104369,0.009926:0.0533",,,,accept_existing_labels|fix_tactile_damage_area_bbox|remove_false_damage_area_label|add_missing_tactile_damage_area|exclude_unclear
tactile3-da-final-112,112,val,00768_00895,tactile3-da-001,hard_negative_false_positive_damage_area,38.0326,review_tactile_damage_area_label_or_negative,datasets/walksafe_kr_tactile_3class_20260521/images/val/aihub513_tactile_2_09_0_1_1_1_20211012_0000695107.jpg,datasets/walksafe_kr_tactile_3class_20260521/labels/val/aihub513_tactile_2_09_0_1_1_1_20211012_0000695107.txt,docs/review/walksafe_tactile3_damage_area_20260522/final_overlays/112_hard_negative_false_positive_damage_area_001_hard_negative_false_positive_damage_area_aihub513_tactile_2_09_0_1_1_1_20211012_0000695107.jpg,docs/review/walksafe_tactile3_damage_area_20260522/final_crops/112_hard_negative_false_positive_damage_area_001_hard_negative_false_positive_damage_area_aihub513_tactile_2_09_0_1_1_1_20211012_0000695107.jpg,0,6,0,0,6,0,1,0,,0.4065,False,,"2:0.609196,0.595256,0.053068,0.146999:0.4065;2:0.400210,0.117883,0.036133,0.014804:0.3005;2:0.569790,0.235000,0.037186,0.086664:0.2677;2:0.459042,0.311474,0.029379,0.051941:0.1174;2:0.578798,0.303210,0.049836,0.027594:0.1068;2:0.569756,0.230421,0.033569,0.077399:0.1019",,"2:0.609196,0.595256,0.053068,0.146999:0.4065;2:0.400210,0.117883,0.036133,0.014804:0.3005;2:0.569790,0.235000,0.037186,0.086664:0.2677;2:0.459042,0.311474,0.029379,0.051941:0.1174;2:0.578798,0.303210,0.049836,0.027594:0.1068;2:0.569756,0.230421,0.033569,0.077399:0.1019",,,,accept_existing_labels|fix_tactile_damage_area_bbox|remove_false_damage_area_label|add_missing_tactile_damage_area|exclude_unclear
tactile3-da-final-113,113,val,01408_01535,tactile3-da-002,hard_negative_false_positive_damage_area,37.2584,review_tactile_damage_area_label_or_negative,datasets/walksafe_kr_tactile_3class_20260521/images/val/aihub513_tactile_2_09_0_1_4_1_20210830_0000436492.jpg,datasets/walksafe_kr_tactile_3class_20260521/labels/val/aihub513_tactile_2_09_0_1_4_1_20210830_0000436492.txt,docs/review/walksafe_tactile3_damage_area_20260522/final_overlays/113_hard_negative_false_positive_damage_area_002_hard_negative_false_positive_damage_area_aihub513_tactile_2_09_0_1_4_1_20210830_0000436492.jpg,docs/review/walksafe_tactile3_damage_area_20260522/final_crops/113_hard_negative_false_positive_damage_area_002_hard_negative_false_positive_damage_area_aihub513_tactile_2_09_0_1_4_1_20210830_0000436492.jpg,0,6,0,0,6,0,1,0,,0.2517,False,,"2:0.365172,0.546136,0.042230,0.042906:0.2517;2:0.381320,0.913679,0.053102,0.016322:0.2286;2:0.361125,0.545976,0.033866,0.041677:0.2211;2:0.362443,0.546546,0.042938,0.045741:0.1485;2:0.360673,0.560488,0.046247,0.072826:0.0843;2:0.559305,0.522108,0.035215,0.010499:0.0681",,"2:0.365172,0.546136,0.042230,0.042906:0.2517;2:0.381320,0.913679,0.053102,0.016322:0.2286;2:0.361125,0.545976,0.033866,0.041677:0.2211;2:0.362443,0.546546,0.042938,0.045741:0.1485;2:0.360673,0.560488,0.046247,0.072826:0.0843;2:0.559305,0.522108,0.035215,0.010499:0.0681",,,,accept_existing_labels|fix_tactile_damage_area_bbox|remove_false_damage_area_label|add_missing_tactile_damage_area|exclude_unclear
tactile3-da-final-114,114,val,02048_02175,tactile3-da-004,hard_negative_false_positive_damage_area,37.1109,review_tactile_damage_area_label_or_negative,datasets/walksafe_kr_tactile_3class_20260521/images/val/aihub513_tactile_2_09_0_1_5_1_20210926_0000562295.jpg,datasets/walksafe_kr_tactile_3class_20260521/labels/val/aihub513_tactile_2_09_0_1_5_1_20210926_0000562295.txt,docs/review/walksafe_tactile3_damage_area_20260522/final_overlays/114_hard_negative_false_positive_damage_area_004_hard_negative_false_positive_damage_area_aihub513_tactile_2_09_0_1_5_1_20210926_0000562295.jpg,docs/review/walksafe_tactile3_damage_area_20260522/final_crops/114_hard_negative_false_positive_damage_area_004_hard_negative_false_positive_damage_area_aihub513_tactile_2_09_0_1_5_1_20210926_0000562295.jpg,0,6,0,0,6,0,2,0,,0.2222,False,,"2:0.392687,0.560101,0.059204,0.021775:0.2222;2:0.555579,0.702064,0.039461,0.023945:0.1530;2:0.457728,0.443669,0.035358,0.027358:0.1034;2:0.396053,0.421094,0.041715,0.019528:0.0870;2:0.453876,0.443419,0.028627,0.027000:0.0691;2:0.460372,0.442943,0.050959,0.032650:0.0537",,"2:0.392687,0.560101,0.059204,0.021775:0.2222;2:0.555579,0.702064,0.039461,0.023945:0.1530;2:0.457728,0.443669,0.035358,0.027358:0.1034;2:0.396053,0.421094,0.041715,0.019528:0.0870;2:0.453876,0.443419,0.028627,0.027000:0.0691;2:0.460372,0.442943,0.050959,0.032650:0.0537",,,,accept_existing_labels|fix_tactile_damage_area_bbox|remove_false_damage_area_label|add_missing_tactile_damage_area|exclude_unclear
tactile3-da-final-115,115,val,02176_02303,tactile3-da-003,hard_negative_false_positive_damage_area,37.0527,review_tactile_damage_area_label_or_negative,datasets/walksafe_kr_tactile_3class_20260521/images/val/aihub513_tactile_2_09_0_1_6_1_20210909_0000493239.jpg,datasets/walksafe_kr_tactile_3class_20260521/labels/val/aihub513_tactile_2_09_0_1_6_1_20210909_0000493239.txt,docs/review/walksafe_tactile3_damage_area_20260522/final_overlays/115_hard_negative_false_positive_damage_area_003_hard_negative_false_positive_damage_area_aihub513_tactile_2_09_0_1_6_1_20210909_0000493239.jpg,docs/review/walksafe_tactile3_damage_area_20260522/final_crops/115_hard_negative_false_positive_damage_area_003_hard_negative_false_positive_damage_area_aihub513_tactile_2_09_0_1_6_1_20210909_0000493239.jpg,0,6,0,0,6,0,1,0,,0.2105,False,,"2:0.533604,0.134141,0.224145,0.091867:0.2105;2:0.683327,0.533077,0.021989,0.030661:0.1304;2:0.685689,0.545836,0.025967,0.052053:0.1153;2:0.529518,0.097500,0.213068,0.031766:0.1006;2:0.683985,0.544610,0.029520,0.054920:0.0839;2:0.529502,0.049430,0.211776,0.097897:0.0557",,"2:0.533604,0.134141,0.224145,0.091867:0.2105;2:0.683327,0.533077,0.021989,0.030661:0.1304;2:0.685689,0.545836,0.025967,0.052053:0.1153;2:0.529518,0.097500,0.213068,0.031766:0.1006;2:0.683985,0.544610,0.029520,0.054920:0.0839;2:0.529502,0.049430,0.211776,0.097897:0.0557",,,,accept_existing_labels|fix_tactile_damage_area_bbox|remove_false_damage_area_label|add_missing_tactile_damage_area|exclude_unclear
tactile3-da-final-116,116,val,02048_02175,tactile3-da-005,hard_negative_false_positive_damage_area,36.6448,review_tactile_damage_area_label_or_negative,datasets/walksafe_kr_tactile_3class_20260521/images/val/aihub513_tactile_2_09_0_1_5_1_20211006_0000600527.jpg,datasets/walksafe_kr_tactile_3class_20260521/labels/val/aihub513_tactile_2_09_0_1_5_1_20211006_0000600527.txt,docs/review/walksafe_tactile3_damage_area_20260522/final_overlays/116_hard_negative_false_positive_damage_area_005_hard_negative_false_positive_damage_area_aihub513_tactile_2_09_0_1_5_1_20211006_0000600527.jpg,docs/review/walksafe_tactile3_damage_area_20260522/final_crops/116_hard_negative_false_positive_damage_area_005_hard_negative_false_positive_damage_area_aihub513_tactile_2_09_0_1_5_1_20211006_0000600527.jpg,0,6,0,0,6,0,1,0,,0.1290,False,,"2:0.443154,0.189942,0.090003,0.022526:0.1290;2:0.508100,0.190629,0.226855,0.024693:0.0988;2:0.412715,0.107994,0.018764,0.031177:0.0909;2:0.683654,0.699618,0.038862,0.021686:0.0861;2:0.507137,0.062044,0.197082,0.023637:0.0690;2:0.446347,0.189910,0.102332,0.026561:0.0604",,"2:0.443154,0.189942,0.090003,0.022526:0.1290;2:0.508100,0.190629,0.226855,0.024693:0.0988;2:0.412715,0.107994,0.018764,0.031177:0.0909;2:0.683654,0.699618,0.038862,0.021686:0.0861;2:0.507137,0.062044,0.197082,0.023637:0.0690;2:0.446347,0.189910,0.102332,0.026561:0.0604",,,,accept_existing_labels|fix_tactile_damage_area_bbox|remove_false_damage_area_label|add_missing_tactile_damage_area|exclude_unclear
tactile3-da-final-117,117,val,01024_01151,tactile3-da-003,hard_negative_false_positive_damage_area,33.3149,review_tactile_damage_area_label_or_negative,datasets/walksafe_kr_tactile_3class_20260521/images/val/aihub513_tactile_2_09_0_1_1_2_20210727_0000063049.jpg,datasets/walksafe_kr_tactile_3class_20260521/labels/val/aihub513_tactile_2_09_0_1_1_2_20210727_0000063049.txt,docs/review/walksafe_tactile3_damage_area_20260522/final_overlays/117_hard_negative_false_positive_damage_area_003_hard_negative_false_positive_damage_area_aihub513_tactile_2_09_0_1_1_2_20210727_0000063049.jpg,docs/review/walksafe_tactile3_damage_area_20260522/final_crops/117_hard_negative_false_positive_damage_area_003_hard_negative_false_positive_damage_area_aihub513_tactile_2_09_0_1_1_2_20210727_0000063049.jpg,0,5,0,0,5,0,1,0,,0.6630,False,,"2:0.564141,0.371634,0.191378,0.039490:0.6630;2:0.567465,0.452394,0.214212,0.083272:0.4808;2:0.517780,0.451859,0.114163,0.082435:0.4340;2:0.567120,0.325690,0.178396,0.022884:0.2204;2:0.526786,0.223629,0.073269,0.018340:0.1173",,"2:0.564141,0.371634,0.191378,0.039490:0.6630;2:0.567465,0.452394,0.214212,0.083272:0.4808;2:0.517780,0.451859,0.114163,0.082435:0.4340;2:0.567120,0.325690,0.178396,0.022884:0.2204;2:0.526786,0.223629,0.073269,0.018340:0.1173",,,,accept_existing_labels|fix_tactile_damage_area_bbox|remove_false_damage_area_label|add_missing_tactile_damage_area|exclude_unclear
tactile3-da-final-118,118,val,00256_00383,tactile3-da-003,hard_negative_false_positive_damage_area,33.3139,review_tactile_damage_area_label_or_negative,datasets/walksafe_kr_tactile_3class_20260521/images/val/aihub513_tactile_2_09_0_1_1_1_20210902_0000460108.jpg,datasets/walksafe_kr_tactile_3class_20260521/labels/val/aihub513_tactile_2_09_0_1_1_1_20210902_0000460108.txt,docs/review/walksafe_tactile3_damage_area_20260522/final_overlays/118_hard_negative_false_positive_damage_area_003_hard_negative_false_positive_damage_area_aihub513_tactile_2_09_0_1_1_1_20210902_0000460108.jpg,docs/review/walksafe_tactile3_damage_area_20260522/final_crops/118_hard_negative_false_positive_damage_area_003_hard_negative_false_positive_damage_area_aihub513_tactile_2_09_0_1_1_1_20210902_0000460108.jpg,0,5,0,0,5,0,1,0,,0.6628,False,,"2:0.499342,0.379026,0.048453,0.012456:0.6628;2:0.494619,0.180287,0.036666,0.007145:0.3232;2:0.595758,0.184776,0.023316,0.016207:0.1954;2:0.580412,0.043928,0.017808,0.010462:0.1561;2:0.498182,0.379307,0.060066,0.015635:0.0858",,"2:0.499342,0.379026,0.048453,0.012456:0.6628;2:0.494619,0.180287,0.036666,0.007145:0.3232;2:0.595758,0.184776,0.023316,0.016207:0.1954;2:0.580412,0.043928,0.017808,0.010462:0.1561;2:0.498182,0.379307,0.060066,0.015635:0.0858",,,,accept_existing_labels|fix_tactile_damage_area_bbox|remove_false_damage_area_label|add_missing_tactile_damage_area|exclude_unclear
tactile3-da-final-119,119,val,01920_02047,tactile3-da-002,hard_negative_false_positive_damage_area,33.1058,review_tactile_damage_area_label_or_negative,datasets/walksafe_kr_tactile_3class_20260521/images/val/aihub513_tactile_2_09_0_1_5_1_20210912_0000513145.jpg,datasets/walksafe_kr_tactile_3class_20260521/labels/val/aihub513_tactile_2_09_0_1_5_1_20210912_0000513145.txt,docs/review/walksafe_tactile3_damage_area_20260522/final_overlays/119_hard_negative_false_positive_damage_area_002_hard_negative_false_positive_damage_area_aihub513_tactile_2_09_0_1_5_1_20210912_0000513145.jpg,docs/review/walksafe_tactile3_damage_area_20260522/final_crops/119_hard_negative_false_positive_damage_area_002_hard_negative_false_positive_damage_area_aihub513_tactile_2_09_0_1_5_1_20210912_0000513145.jpg,0,5,0,0,5,0,1,0,,0.6212,False,,"2:0.672341,0.929531,0.061068,0.063275:0.6212;2:0.608057,0.403530,0.030416,0.026169:0.4613;2:0.605829,0.406217,0.039742,0.034219:0.1514;2:0.584772,0.697180,0.082347,0.014128:0.1226;2:0.676482,0.928719,0.050090,0.060961:0.0903",,"2:0.672341,0.929531,0.061068,0.063275:0.6212;2:0.608057,0.403530,0.030416,0.026169:0.4613;2:0.605829,0.406217,0.039742,0.034219:0.1514;2:0.584772,0.697180,0.082347,0.014128:0.1226;2:0.676482,0.928719,0.050090,0.060961:0.0903",,,,accept_existing_labels|fix_tactile_damage_area_bbox|remove_false_damage_area_label|add_missing_tactile_damage_area|exclude_unclear
tactile3-da-final-120,120,val,01536_01663,tactile3-da-002,hard_negative_false_positive_damage_area,32.8868,review_tactile_damage_area_label_or_negative,datasets/walksafe_kr_tactile_3class_20260521/images/val/aihub513_tactile_2_09_0_1_4_1_20210917_0000516188.jpg,datasets/walksafe_kr_tactile_3class_20260521/labels/val/aihub513_tactile_2_09_0_1_4_1_20210917_0000516188.txt,docs/review/walksafe_tactile3_damage_area_20260522/final_overlays/120_hard_negative_false_positive_damage_area_002_hard_negative_false_positive_damage_area_aihub513_tactile_2_09_0_1_4_1_20210917_0000516188.jpg,docs/review/walksafe_tactile3_damage_area_20260522/final_crops/120_hard_negative_false_positive_damage_area_002_hard_negative_false_positive_damage_area_aihub513_tactile_2_09_0_1_4_1_20210917_0000516188.jpg,0,5,0,0,5,0,1,0,,0.5774,False,,"2:0.619663,0.870009,0.027232,0.029025:0.5774;2:0.471581,0.331197,0.012290,0.013323:0.4852;2:0.402020,0.326974,0.015982,0.009780:0.3598;2:0.469856,0.331264,0.014577,0.013516:0.3128;2:0.510758,0.002012,0.012648,0.004024:0.1267",,"2:0.619663,0.870009,0.027232,0.029025:0.5774;2:0.471581,0.331197,0.012290,0.013323:0.4852;2:0.402020,0.326974,0.015982,0.009780:0.3598;2:0.469856,0.331264,0.014577,0.013516:0.3128;2:0.510758,0.002012,0.012648,0.004024:0.1267",,,,accept_existing_labels|fix_tactile_damage_area_bbox|remove_false_damage_area_label|add_missing_tactile_damage_area|exclude_unclear
